cmtDate,postId,userId,cmtText,cmtLikes,cmtText_clean,sentiment
2025-06-02 07:05:22+00:00,1147436614095615,pfbid036432FUUhBiAzqFUkjSn8ZR3JqpSz9qfJyZ9qFwAdGnGg1j3eeJoy9sf3HyBV9JoZl,R·∫•t tuy·ªát v·ªùi,0,R·∫•t tuy·ªát v·ªùi,positive
2025-06-02 07:04:14+00:00,1147436614095615,100082365036655,Mua laptop,0,Mua laptop,neutral
2025-06-02 06:33:15+00:00,1147436614095615,100010438388165,hello,0,hello,neutral
2025-06-01 10:42:34+00:00,1146548730851070,pfbid036432FUUhBiAzqFUkjSn8ZR3JqpSz9qfJyZ9qFwAdGnGg1j3eeJoy9sf3HyBV9JoZl,R·∫•t tuy·ªát v·ªùi,0,R·∫•t tuy·ªát v·ªùi,positive
2025-06-01 09:24:03+00:00,1146548730851070,100082365036655,Mua 2 c√°i laptop,0,Mua 2 c√°i laptop,neutral
2025-06-01 03:43:02+00:00,1146504504188826,pfbid02vrerdeMR2eCGuRDBSkngtWyL5eoMRZkgLn11m5CkmhsTXBhZvFvoMWVEf5ZqmrGhl,"""Kh√¥ng ch·ªâ... M√† c√≤n...""
Gi·ªù gi√°o vi√™n ti·∫øng Vi·ªát ko d·∫°y c·∫∑p t·ª´ n√†y h·∫£, hay l√† d·∫°y thi·∫øu ü§£",32,"""Kh√¥ng ch·ªâ... M√† c√≤n...""
Gi·ªù gi√°o vi√™n ti·∫øng Vi·ªát ko d·∫°y c·∫∑p t·ª´ n√†y h·∫£, hay l√† d·∫°y thi·∫øu ",negative
2025-06-01 02:29:56+00:00,1146504504188826,100005658369921,"Laptop l√† laptop, ch·ª´ng n√†o b√°n c·∫∑p s√°ch th√¨ n√≥i h√†nh trang t∆∞∆°ng lai ch·ª© shop, ch√°n qu√°",39,"Laptop l√† laptop, ch·ª´ng n√†o b√°n c·∫∑p s√°ch th√¨ n√≥i h√†nh trang t∆∞∆°ng lai ch·ª© shop, ch√°n qu√°",negative
2025-06-01 01:04:13+00:00,1146504504188826,pfbid0Y3aDzJzsRfJtZbJCigEeGGAD7LENS4DHTizR1K2pjv14TiydNtRobxKERxoAN1cgl,Content c·ªßa th·∫ø h·ªá c·ª£t nh·∫£ ƒë√¢y sao,39,Content c·ªßa th·∫ø h·ªá c·ª£t nh·∫£ ƒë√¢y sao,negative
2025-06-01 02:54:30+00:00,1146504504188826,pfbid0BKiWDx96iWSYTerMP7zS7LbciGFJeFoKqbUuCskwhymgYjn6iBk3B4Pnp3VvBgSil,Content nh·∫°t h∆°n n∆∞·ªõc c·∫•t ü§¶‚Äç‚ôÄÔ∏è,22,Content nh·∫°t h∆°n n∆∞·ªõc c·∫•t ,negative
2025-06-01 01:46:20+00:00,1146504504188826,pfbid02TWA7CFgJmJbEgbZCHsprRLCDsCjqMKL53KRf6f6ohdiFUWyjhqH8phNrMUnoz5jQl,L√†m content ch√°n qu√° shop ∆°i,23,L√†m content ch√°n qu√° shop ∆°i,negative
2025-06-01 02:24:12+00:00,1146504504188826,pfbid02163oq2W4fpVYdVddF2z83DMWgK3GrdnEm1rtEivnNTjBax4trKrEDJDaj7veEnful,C·∫£ c√°i MBW b·ª± ch·∫£ b√° m√† l√†m content nh·∫°t v√£i,14,C·∫£ c√°i MBW b·ª± ch·∫£ b√° m√† l√†m content nh·∫°t v√£i,negative
2025-06-01 03:09:05+00:00,1146504504188826,100022349598660,Kh√¥ng b√°n n·ªØa th√¨ qua Phong V≈© mua,8,Kh√¥ng b√°n n·ªØa th√¨ qua Phong V≈© mua,neutral
2025-06-01 02:37:31+00:00,1146504504188826,100026623449873,K b√°n th√¨ qua ch·ªï kh√°c mua,4,K b√°n th√¨ qua ch·ªï kh√°c mua,negative
2025-06-01 04:44:37+00:00,1146504504188826,pfbid0Dtu18o7EsRigazmaoZkh2t43CKH5eAMx8E7ohfMjY6wMCm9ZykPjfK4LY3pSN9Nil,H√†nh trang t∆∞∆°ng lai ƒë√¢u ƒë·∫øn t·ª´ c√°i laptop .. ü§£,1,H√†nh trang t∆∞∆°ng lai ƒë√¢u ƒë·∫øn t·ª´ c√°i laptop .. ,neutral
2025-06-01 05:19:05+00:00,1146504504188826,pfbid02NqXzc3SnGS88jhhrDhcsvEMnuDXTWmPtMAPrGxFnMfTApVndkiMNBesDVPG24HaUl,B·ªë c·ªßa b·∫°n cotent n√†y l√†m gi√°m ƒë·ªëc ng√†nh h√†ng n√†o v·∫≠y ·∫°. :).,1,B·ªë c·ªßa b·∫°n cotent n√†y l√†m gi√°m ƒë·ªëc ng√†nh h√†ng n√†o v·∫≠y ·∫°. :).,neutral
2025-05-30 15:22:50+00:00,1145328240973119,pfbid02YizoiFZM8hCCziPYdVBB3hxrQ3armvAAYC18TCo6RE5DJW1DVR51hww2JEqQFLvzl,L·∫°y √¥ng l√†m content. M√† qu·ª≥ lu√¥n √¥ng ph√™ duy·ªát ü§¶,18,L·∫°y √¥ng l√†m content. M√† qu·ª≥ lu√¥n √¥ng ph√™ duy·ªát ,negative
2025-05-31 04:02:20+00:00,1145328240973119,100000374935121,"√ù l√† ko b√°n.
M√† ƒëem t·∫∑ng h√©ng.",11,"√ù l√† ko b√°n.
M√† ƒëem t·∫∑ng h√©ng.",negative
2025-05-31 04:13:59+00:00,1145328240973119,100011094259497,To be contonued‚Ä¶ ch·∫Øc ngh·ªâ b√°n c·∫£ ƒëi·ªán tho·∫°i m√°y t√≠nh b·∫£ng v·ªõi ph·ª• ki·ªán lu√¥n saoü•π.Th·ªùi bu·ªïi kinh t·∫ø th·ªã tr∆∞·ªùng c√°c doanh nghi·ªáp kh√¥ng c·∫°nh tranh n·ªïi th√¨ ph√° s·∫£n th√¥i. Haizzz,4,To be contonued‚Ä¶ ch·∫Øc ngh·ªâ b√°n c·∫£ ƒëi·ªán tho·∫°i m√°y t√≠nh b·∫£ng v·ªõi ph·ª• ki·ªán lu√¥n sao.Th·ªùi bu·ªïi kinh t·∫ø th·ªã tr∆∞·ªùng c√°c doanh nghi·ªáp kh√¥ng c·∫°nh tranh n·ªïi th√¨ ph√° s·∫£n th√¥i. Haizzz,negative
2025-05-30 15:34:19+00:00,1145328240973119,pfbid0Hfs3f9MNFcxA54yKB8gouHb8N7AgJF8rHFd4oQrhzsiCJA31YedBKMDBimT2mngGl,D·ªÖ g√¢y m·∫•t thi·ªán c·∫£m nh·ªâ ?,4,D·ªÖ g√¢y m·∫•t thi·ªán c·∫£m nh·ªâ ?,negative
2025-05-31 04:22:28+00:00,1145328240973119,pfbid0nTU5yXjsASgs7hdrGYGK6azM6J8JTcFJPSHCvtJ4bhDPcdXosWz4FcjMhHsdp79Sl,Th√¨ t mua ch·ªó kh√°c. Content t·ª± hu·ª∑ üêß,2,Th√¨ t mua ch·ªó kh√°c. Content t·ª± hu·ª∑ ,neutral
2025-05-31 05:05:11+00:00,1145328240973119,pfbid0yu8xiNuNi1XeM4SEJAzJX8PyLQpVqRdxG9ggJBpNbo6H6jwhc4kikiRzd9LXJLz6l,"ƒêang ƒë·ªãnh s√°ng mai v√†o mua
ƒê·ªçc dc tin n√†y,th√¥i ko qua n·ªØa",2,"ƒêang ƒë·ªãnh s√°ng mai v√†o mua
ƒê·ªçc dc tin n√†y,th√¥i ko qua n·ªØa",negative
2025-06-01 04:52:40+00:00,1145328240973119,pfbid037VoLrvMqFCaL23SVwQguSDbFqfmJFJidR9FwJMJMiqmz8nbf576Hm45BkY8zfHtnl,∆†.  Tgdd k b√°n laptop n·ªØa √† ? Th·∫ø c√≥ b·∫£o h√†nh k ?,0,∆†.  Tgdd k b√°n laptop n·ªØa √† ? Th·∫ø c√≥ b·∫£o h√†nh k ?,negative
2025-06-01 01:13:01+00:00,1145328240973119,pfbid02cDh4CQM4BmabNwevPg2eaBx3G6EfuE4yqisbqFMSdZHQ6CEbWpftPiKifU2ecFjKl,T√¥i m·ªõi ƒëi ƒë·ªìn tgdd nghƒ© b√°n laptop r·ªìi. ·ª§a v·∫≠y c√≤n b√°n kk,0,T√¥i m·ªõi ƒëi ƒë·ªìn tgdd nghƒ© b√°n laptop r·ªìi. ·ª§a v·∫≠y c√≤n b√°n kk,negative
2025-05-31 17:12:39+00:00,1145328240973119,pfbid027hhocztL2ddtjF67bSCb181EtavjFUbHF1jPehBbH18XMn6TJor8W1w9mBCmzbkvl,Tgdd ko b√°n laptop n·ªØa nha mn.ai mua qua c·ª≠a h√†ng kh√°c nha.,1,Tgdd ko b√°n laptop n·ªØa nha mn.ai mua qua c·ª≠a h√†ng kh√°c nha.,negative
2025-05-30 16:09:24+00:00,1145328240973119,pfbid08MVWyaZcX3MvjHYSKywzKsoAaAQ73xhvNSQpcQ7rrqdP25HFTSGVek6Tj7Xg3yKzl,"nghe r·∫±ng MINIPC HP 10 nƒÉm v·∫´n ch∆∞a h·ªèng, c√¥ng nh·∫≠n b·ªÅn th·∫≠t",2,"nghe r·∫±ng MINIPC HP 10 nƒÉm v·∫´n ch∆∞a h·ªèng, c√¥ng nh·∫≠n b·ªÅn th·∫≠t",negative
2025-06-02 04:51:45+00:00,1147413360764607,pfbid025knFoSVN6chN8M5M94yaqPaYnuTNTjoimthDkTKPZ1LHHLfeecsjFHsRqsn7CUpyl,"Laptop ko c√≥ s·∫µn ·ªü Hcm, ship ·ªü t·ªânh xa t·ªõi gi·ªù l√† 4 ng√†y r·ªìi ch∆∞a t·ªõi, t√≠nh s√°t n√∫t l√† 6 ng√†y m·ªõi ch·ªãu giao √†, v·∫≠n chuy·ªÉn t·ªá th·∫≠t s·ª±",2,"Laptop ko c√≥ s·∫µn ·ªü Hcm, ship ·ªü t·ªânh xa t·ªõi gi·ªù l√† 4 ng√†y r·ªìi ch∆∞a t·ªõi, t√≠nh s√°t n√∫t l√† 6 ng√†y m·ªõi ch·ªãu giao √†, v·∫≠n chuy·ªÉn t·ªá th·∫≠t s·ª±",negative
2025-06-02 04:34:16+00:00,1147413360764607,pfbid0PzbF7hkZiaw1bEwcYW1nuw56wFWY8A1Gu8XfVnBXNBErXuTdXQ3EgdTDDPTSmtWel,content th√¥ng minh h∆°n r·ªìi ƒë·∫•y ad :D,3,content th√¥ng minh h∆°n r·ªìi ƒë·∫•y ad :D,negative
2025-06-02 04:51:54+00:00,1147413360764607,pfbid021USKJaDryxv9Xrwx7B5rYhphQjs8qgq6Nx4mtoupC4qWr9tRLTU43g5pG5cAixLwl,Xin gia laptop 9990000,0,Xin gia laptop 9990000,neutral
2025-06-02 04:44:08+00:00,1147413360764607,pfbid0CEgcKUptpP3JhTq7c7SCxjSAi6ZwZZ8fMkV7d23RLtU7MsasyJcqHFCtBmrrLnXwl,"T∆∞·ªüng th·∫ø gi·ªõi di ƒë·ªông kh√¥ng ch·ªâ b√°n laptop, m√† c√≤n b√°n c·∫£ ƒëi·ªán tho·∫°i ü§£",2,"T∆∞·ªüng th·∫ø gi·ªõi di ƒë·ªông kh√¥ng ch·ªâ b√°n laptop, m√† c√≤n b√°n c·∫£ ƒëi·ªán tho·∫°i ",neutral
2025-06-02 04:46:05+00:00,1147413360764607,pfbid02dgsinV3GKHqgEpXcmvuRLowuwD28jQvKgfbuBYy8P4rffFBBNazZJ7LDGbh2c825l,TGDD kh√¥ng ch·ªâ b√°n laptop m√† c√≤n b√°n content cho m·∫•y h√£ng kh√°c ƒëu theo :))),6,TGDD kh√¥ng ch·ªâ b√°n laptop m√† c√≤n b√°n content cho m·∫•y h√£ng kh√°c ƒëu theo :))),negative
2025-06-02 06:06:44+00:00,1147413360764607,pfbid02FBVC7zh9WjxSvVGKGRFAKG7i6DB87xUCvEb1pT2VFUwR1D4bkqy9yw3zqTh7P8NTl,"√ä n√≥i nghe n√®, ghi th√™m ch·ªØ ‚Äúc√≤n‚Äù b·ªã tam tai h·∫£? 
Nh·∫Øm l√†m content m√† ko r√†nh Ti·∫øng Vi·ªát th√¨ d·∫πp ngh·ªâ ƒëi cha, r·ªìi anh ch·ªã n√†o duy·ªát content ƒë·ª£t n√†y th√¨ coi l·∫°i nha :)",3,"√ä n√≥i nghe n√®, ghi th√™m ch·ªØ ‚Äúc√≤n‚Äù b·ªã tam tai h·∫£? 
Nh·∫Øm l√†m content m√† ko r√†nh Ti·∫øng Vi·ªát th√¨ d·∫πp ngh·ªâ ƒëi cha, r·ªìi anh ch·ªã n√†o duy·ªát content ƒë·ª£t n√†y th√¨ coi l·∫°i nha :)",negative
2025-06-02 04:55:31+00:00,1147413360764607,100004014867605,B·ªõt n .g .u  r·ªìi ƒë√≥,4,B·ªõt n .g .u  r·ªìi ƒë√≥,neutral
2025-06-02 04:45:53+00:00,1147413360764607,pfbid0kUMsw9tWWCoiTux5BXtGfMV73xRhKAtEdJnx4egUQVmpr2GcWhdLtkDoYZB9FdwMl,·ª¶a b·ªØa th√¥ng b√°o t·ª´ ng√†y 1/6 kh√¥ng b√°n laptop n·ªØa m√† ad,3,·ª¶a b·ªØa th√¥ng b√°o t·ª´ ng√†y 1/6 kh√¥ng b√°n laptop n·ªØa m√† ad,negative
2025-06-02 05:10:17+00:00,1147413360764607,61565839505488,·ª¶a ch·ª© b·ªØa tr∆∞·ªõc n√≥i kh√¥ng b√°n n·ªØa m√†,0,·ª¶a ch·ª© b·ªØa tr∆∞·ªõc n√≥i kh√¥ng b√°n n·ªØa m√†,negative
2025-06-02 05:29:13+00:00,1147413360764607,100025267693082,B·ªØa ra ki·∫øm con macbook m√† hem c√≥ th·∫∑c l√† th·∫•t z·ªçngü§£,0,B·ªØa ra ki·∫øm con macbook m√† hem c√≥ th·∫∑c l√† th·∫•t z·ªçng,negative
2025-06-01 03:08:58+00:00,1146531914186085,pfbid0pKCSgV1P2RM4SHTXJdV7BsKEDDf9TqWBpks8yKFpwSH3JWbkPXDqWSf7TunsLUol,"N√™n ƒë·ªïi ""Kh√¥ng b√°n"" th√†nh ""Kh√¥ng ch·ªâ b√°n"" √Ω nghƒ©a s·∫Ω kh√°c bi·ªát li·ªÅn nha shop ∆°i",1,"N√™n ƒë·ªïi ""Kh√¥ng b√°n"" th√†nh ""Kh√¥ng ch·ªâ b√°n"" √Ω nghƒ©a s·∫Ω kh√°c bi·ªát li·ªÅn nha shop ∆°i",negative
2025-06-01 02:58:47+00:00,1146531914186085,pfbid0275fXJ7phfok6dcQsfA3NxqifB5Pk3o7hZoiXP78m3jUpaDCtm58npAYykYyHC1zVl,B·∫•t ng·ªù d·ªØ ch∆∞a,0,B·∫•t ng·ªù d·ªØ ch∆∞a,neutral
2025-06-01 01:57:39+00:00,1146531914186085,61564886847083,Qua gi·ªù ai ƒë·ªìn TGDD nghƒ© b√°n laptop r m√†,0,Qua gi·ªù ai ƒë·ªìn TGDD nghƒ© b√°n laptop r m√†,neutral
2025-06-01 02:51:04+00:00,1146531914186085,pfbid0kydR6EX1TvRrm66WrAggJ6gRQVC1hbJW4knENXJKWLN13vT4rGNja9A9EUxPbueLl,X√†m thi·ªát ch·ª© üò•,0,X√†m thi·ªát ch·ª© ,negative
2025-06-01 02:34:15+00:00,1146531914186085,100003151770365,Ai nghƒ© ra content n√†y th√¨ n√™n thay ƒë·ªïi nh√© adƒë:))),2,Ai nghƒ© ra content n√†y th√¨ n√™n thay ƒë·ªïi nh√© adƒë:))),negative
2025-06-01 03:42:54+00:00,1146531914186085,pfbid0MdCqYkJ5pw9qxFjp1MRbKj9xVVFiwYWcRMLgA8aXhhLRQYQQDRhkFM6YvQSWQ6cJl,R·ªìi c√°i laptop ch·ªâ t·ª´ 9.990.000 l√† c√°i n√†o v·∫≠y Add,0,R·ªìi c√°i laptop ch·ªâ t·ª´ 9.990.000 l√† c√°i n√†o v·∫≠y Add,negative
2025-06-01 09:22:37+00:00,1146529790852964,pfbid0PzbF7hkZiaw1bEwcYW1nuw56wFWY8A1Gu8XfVnBXNBErXuTdXQ3EgdTDDPTSmtWel,"·ª¶a! Hwa k√™u ko b√°n, t√¥i ƒëi qua ch·ªó kh√°c mua r·ªìi, gi·ªù l·∫°i k√™u b√°n l√† th·∫ø ƒë n√†o üò±",4,"·ª¶a! Hwa k√™u ko b√°n, t√¥i ƒëi qua ch·ªó kh√°c mua r·ªìi, gi·ªù l·∫°i k√™u b√°n l√† th·∫ø ƒë n√†o ",negative
2025-06-01 09:33:55+00:00,1146529790852964,pfbid0xCCATXUTmCN6C8Ao3Rk2LqZzDCnVoMgxktSjZxCYGYmERerv74U5tqGhBF1wT5Ygl,minh nghe n√≥i laptoo s·∫Ω b√°n th·∫ø gi·ªõi di ƒë·ªông t·ª´ ƒë·∫ßu th√°ng m√† ta,0,minh nghe n√≥i laptoo s·∫Ω b√°n th·∫ø gi·ªõi di ƒë·ªông t·ª´ ƒë·∫ßu th√°ng m√† ta,negative
2025-06-01 01:50:54+00:00,1146529790852964,pfbid02YgtQYxfRjhETJgWduEnYZUixTuQKYwGxHqg4uyrbzG5kRYou4c2QBLqfymFEcqnl,T∆∞·ªüng t·ª´ ng√†y 1/6 tgdd ko b√°n laptop n·ªØa m√†,2,T∆∞·ªüng t·ª´ ng√†y 1/6 tgdd ko b√°n laptop n·ªØa m√†,negative
2025-06-01 03:03:47+00:00,1146529790852964,100082365036655,Mua laptop,0,Mua laptop,neutral
2025-06-01 09:43:45+00:00,1146529790852964,100082365036655,Mua 2 laptop,0,Mua 2 laptop,neutral
2025-06-02 01:24:49+00:00,1146529790852964,pfbid0U3ikJ3hLVndSLWu897K4BKDkFp41iHqkS4VtLYELkQ8JW3BKJpXFUvFHnLMDoSfHl,Hahaha,0,Hahaha,neutral
2025-06-01 08:35:59+00:00,1146529790852964,pfbid036432FUUhBiAzqFUkjSn8ZR3JqpSz9qfJyZ9qFwAdGnGg1j3eeJoy9sf3HyBV9JoZl,R·∫•t tuy·ªát v·ªùi,0,R·∫•t tuy·ªát v·ªùi,positive
2025-06-01 10:34:33+00:00,1146529790852964,pfbid02FBVC7zh9WjxSvVGKGRFAKG7i6DB87xUCvEb1pT2VFUwR1D4bkqy9yw3zqTh7P8NTl,·ª¶a ƒë·ªïi r he,1,·ª¶a ƒë·ªïi r he,neutral
2025-06-01 02:10:36+00:00,1146529790852964,pfbid02FLLHZeTzYvfi6nZWw7ss48VVbNRNLy2QUaEfwoQMX4W4t9rCYk2WsbR24Q8Ldt1zl,Giau Le,0,Giau Le,neutral
2025-06-01 03:28:29+00:00,1146504504188826,pfbid02Wxn1QZ8JBPRbC6qYSXH3zqhqHfzERbGs7sHVwDqsDNX7NS4yLMLuVHVAZDN49Dw6l,"T√¥i c·∫ßn mua laptop th√¥i kh√¥ng c·∫ßn mua h√†nh trang t∆∞∆°ng lai, v·∫≠y TGDƒê c√≥ b√°n laptop kh√¥ng",16,"T√¥i c·∫ßn mua laptop th√¥i kh√¥ng c·∫ßn mua h√†nh trang t∆∞∆°ng lai, v·∫≠y TGDƒê c√≥ b√°n laptop kh√¥ng",negative
2025-06-01 14:21:44+00:00,1146504504188826,pfbid02ix7miwXM7KTkXpNTvKdScfMeWVVKfEyYCFQWwxdeFyC4bJ3kQLDNYzoax9TD4fWXl,Bao gi·ªù tgdd r√°p PC,0,Bao gi·ªù tgdd r√°p PC,neutral
2025-06-01 05:39:25+00:00,1146504504188826,100014860068826,Kh√¥ng ch·ªâ b√°n laptop m√† b√°n c·∫£ h√†nh trang t∆∞∆°ng l·∫°i. C√≥ ph·∫£i kh√°c h∆°n kh√¥ng,0,Kh√¥ng ch·ªâ b√°n laptop m√† b√°n c·∫£ h√†nh trang t∆∞∆°ng l·∫°i. C√≥ ph·∫£i kh√°c h∆°n kh√¥ng,negative
2025-06-01 07:50:19+00:00,1146504504188826,100003253696732,Content nh∆∞ g√¨,0,Content nh∆∞ g√¨,negative
2025-06-01 06:54:45+00:00,1146504504188826,pfbid02rtshmzkVuA4KUZpQ58y9kMiKUkZ8Dsu2er8tLhGjgJjHcvVZXH8ccakSK3pbzUinl,D·ªët vƒÉn m√† v·∫´n mu·ªën l√†m content ∆∞,0,D·ªët vƒÉn m√† v·∫´n mu·ªën l√†m content ∆∞,negative
2025-06-01 03:19:26+00:00,1146504504188826,pfbid0Zw7QwazpacipgXrzqvgdgFgc1AVe1doREEERKPQcu8UNkkf4MH6W17qNdBbiKkpSl,Th·∫ø l√† gi·ªù mua laptop ko ƒë·∫øn th·∫ø gi·ªõi di ƒë·ªông n·ªØa r·ªìi,9,Th·∫ø l√† gi·ªù mua laptop ko ƒë·∫øn th·∫ø gi·ªõi di ƒë·ªông n·ªØa r·ªìi,negative
2025-06-01 04:47:25+00:00,1146504504188826,100021548084185,S√†i trc ch·∫£ sau ki·ªÉu g√¨ v,0,S√†i trc ch·∫£ sau ki·ªÉu g√¨ v,negative
2025-06-01 02:08:26+00:00,1146504504188826,pfbid036J87CPCX7AGfDMEev1yF1ffikf4LrKX6FCzMYsjFpGvW6tJjzYp41cvpojAGauJzl,T·∫∑ng office tr·ªçn ƒë·ªùi hay sao ·∫° üòÜ,2,T·∫∑ng office tr·ªçn ƒë·ªùi hay sao ·∫° ,positive
2025-06-01 09:24:16+00:00,1146504504188826,pfbid02DgLWeGQzg9WXc1oBKhFK2hkYEuF9QCs7817bJfr118jhyLGDEjB4dgXNLsbGq71Jl,"Thi·ªát b√°n c≈©ng k mua, mua ƒëi·ªán tho·∫°i l·∫ßn l√† 0 sao r·ªìi. L√∫c tr∆∞·ªõc n·ªïi ti·∫øng d·ªãch v·ª• t·ªët gi·ªù d·ªãch v·ª• t·ªá. S·∫£n ph·∫©m b√°n k h·ªÅ r·∫ª",0,"Thi·ªát b√°n c≈©ng k mua, mua ƒëi·ªán tho·∫°i l·∫ßn l√† 0 sao r·ªìi. L√∫c tr∆∞·ªõc n·ªïi ti·∫øng d·ªãch v·ª• t·ªët gi·ªù d·ªãch v·ª• t·ªá. S·∫£n ph·∫©m b√°n k h·ªÅ r·∫ª",negative
2025-06-01 05:49:06+00:00,1146504504188826,pfbid0ktpjgYx2TbowDVnTZVwKD5mz7n99sMNQyANcw3rhxYXSvrAAJfY61p64ZJqZoCkTl,T√≠nh mua laptop m√† TGDƒê h·∫øt b√°n r,2,T√≠nh mua laptop m√† TGDƒê h·∫øt b√°n r,negative
2025-06-02 04:26:10+00:00,1147413360764607,100003151770365,Content n√†y c√≤n ƒë∆∞·ª£c n√†y add:),4,Content n√†y c√≤n ƒë∆∞·ª£c n√†y add:),positive
2025-06-02 05:06:39+00:00,1147413360764607,pfbid02ysPXggHiae1mrnSeKvPrE6Qr5tAbhLrvUha1TT6uw7neta5KsmFxTv4KVNJvfh9wl,"thua, gi·ªù flop ph·∫£i ch·∫°y qc üòÖ",0,"thua, gi·ªù flop ph·∫£i ch·∫°y qc ",negative
2025-05-31 13:09:18+00:00,1145328240973119,pfbid019mEK94ZfYMZ5pnnA6e5HyefrX6xZR4SasP7KZpDL8DNZaRDCKMa7yiNdxnB7epol,"T√≠nh mua laptop x√†i
M√† ko b√°n thui qua fpt mua v·∫≠y",1,"T√≠nh mua laptop x√†i
M√† ko b√°n thui qua fpt mua v·∫≠y",negative
2025-05-31 04:53:39+00:00,1145328240973119,pfbid02p6hSK2yBGdLHRgwRZEFuTSiAUDcPQuNVQHWMaSBtVE1CQSSgja8tuMBy6PGjt4Kel,B√°n l√∫c n√†o c≈©ng m·∫Øc h∆°n n∆°i kh√°c m√† b√†y ƒë·∫∑t ch·∫£nh cho·∫π‚Ä¶,1,B√°n l√∫c n√†o c≈©ng m·∫Øc h∆°n n∆°i kh√°c m√† b√†y ƒë·∫∑t ch·∫£nh cho·∫π‚Ä¶,negative
2025-05-30 15:14:03+00:00,1145328240973119,pfbid029krQG7JSt1APptpfLBKQJe9WZtLqPgDQwyRSMBCkKiUBSJszMR2t3sV6rh61qDkpl,"Th·∫ø n√†y mua ·ªü ƒë√¢u ƒë√¢y TGDD ∆°i
C√°i g√¨ c≈©ng mua ·ªü TGDD r üòÅ",2,"Th·∫ø n√†y mua ·ªü ƒë√¢u ƒë√¢y TGDD ∆°i
C√°i g√¨ c≈©ng mua ·ªü TGDD r ",negative
2025-05-31 05:25:42+00:00,1145328240973119,pfbid0ouT6ncmevLta2frqaYXzaQqG4grhfP6dzJTVtk5Fmp73xX7XCpoFRDFwFbm8yyhHl,"Kh√¥ng b√°n n·ªØa ƒëi ch·ªó kh√°c mua th√¥i mn, v∆∞·ª£t tr·ªôi th√°ng n√†y c·ªßa team content l√† 0% nh·ªâ",1,"Kh√¥ng b√°n n·ªØa ƒëi ch·ªó kh√°c mua th√¥i mn, v∆∞·ª£t tr·ªôi th√°ng n√†y c·ªßa team content l√† 0% nh·ªâ",negative
2025-05-31 04:13:22+00:00,1145328240973119,pfbid0EjiPFPUVrNaCYoFTBDn63c4LXpksNCxa42244RW4ouU24zRX2rW4KNPKMw8n464il,Ch·∫Øc ch·∫Øn m·∫•t kh√°ch sang m·∫•y shop kh√°c. Th·ªÅ,1,Ch·∫Øc ch·∫Øn m·∫•t kh√°ch sang m·∫•y shop kh√°c. Th·ªÅ,neutral
2025-05-30 15:04:52+00:00,1145328240973119,100002511173974,M·ªõi t√≠nh mai d·∫Øt ƒë·ª©a em ƒëi mua lap. M√† gi·ªù 1/6 k b√°n th√¨ mai ch·ªâ c√≤n m·ªói h√†ng t·ªìn kho ch·ªù clear. Th√¥i qua cellS mua cho l√†nh.,1,M·ªõi t√≠nh mai d·∫Øt ƒë·ª©a em ƒëi mua lap. M√† gi·ªù 1/6 k b√°n th√¨ mai ch·ªâ c√≤n m·ªói h√†ng t·ªìn kho ch·ªù clear. Th√¥i qua cellS mua cho l√†nh.,negative
2025-05-31 12:05:49+00:00,1145328240973119,100004722077093,Kh√¥ng b√°n laptop n·ªØa m√† s·∫Ω t·∫∑ng cho ai mua k√®m ƒë·ªì gi√° tr·ªã t∆∞∆°ng ƒë∆∞∆°ng nh∆∞ l√† laptop v√≠ d·ª• nh∆∞ l√† mua ƒëi·ªán tho·∫°i 20tr th√¨ t·∫∑ng k√®m laptop 20tr ha. üòÅüòÅ,0,Kh√¥ng b√°n laptop n·ªØa m√† s·∫Ω t·∫∑ng cho ai mua k√®m ƒë·ªì gi√° tr·ªã t∆∞∆°ng ƒë∆∞∆°ng nh∆∞ l√† laptop v√≠ d·ª• nh∆∞ l√† mua ƒëi·ªán tho·∫°i 20tr th√¨ t·∫∑ng k√®m laptop 20tr ha. ,negative
2025-05-30 15:18:18+00:00,1145328240973119,pfbid0SyFbL7zFU5SJXnGv9BWqJE7bRMveY4jjPj4UFKfaoG1pmVTyt9Jxzf1eao34geYxl,K b√°n ch·∫Øc l√† cho ho·∫∑c thu√™,1,K b√°n ch·∫Øc l√† cho ho·∫∑c thu√™,negative
2025-06-01 00:08:07+00:00,1145328240973119,pfbid02osvLXKfYeqq8ZNLyrtmbRqkaGJ3bkXvs4b3hc3gC7UdYa1ShcR95rQTFn9kqWviql,R·ªìi nay 1.6 c√≥ ch∆∞∆°ng tr√¨nh g√¨ kh√¥ng shop,0,R·ªìi nay 1.6 c√≥ ch∆∞∆°ng tr√¨nh g√¨ kh√¥ng shop,neutral
2025-05-31 04:33:08+00:00,1145328240973119,pfbid02JgWSkkkBMVsmc8T5YZLzRdPYpNhET5AxabTyNVgEQV5jRxmYs2szV6djiXEKwegUl,Content ko hay ƒë√¢u. Nh√¨n l∆∞·ªõt th√¨ ch·ªâ bi·∫øt tgdd ko kinh doanh laptop n·ªØa,0,Content ko hay ƒë√¢u. Nh√¨n l∆∞·ªõt th√¨ ch·ªâ bi·∫øt tgdd ko kinh doanh laptop n·ªØa,negative
2025-06-01 01:07:34+00:00,1146504504188826,pfbid021USKJaDryxv9Xrwx7B5rYhphQjs8qgq6Nx4mtoupC4qWr9tRLTU43g5pG5cAixLwl,Xin gi√° 9990000,1,Xin gi√° 9990000,neutral
2025-06-01 09:58:12+00:00,1146504504188826,pfbid0Q6AHe3F54cLtDHMVud1nU7hVWPSkKM8AF6Jr6xFUyLb9vFACUsVDLWDg1418d7pnl,.,0,.,neutral
2025-06-01 09:27:15+00:00,1146504504188826,100003204131977,T√¥i ch·ªâ mu·ªën mua laptop m√† kh√¥ng c·∫ßn th√™m h√†nh l√Ω lai th√¨ ƒë∆∞·ª£c tr·ª´ ti·ªÅn kh√¥ng ?,0,T√¥i ch·ªâ mu·ªën mua laptop m√† kh√¥ng c·∫ßn th√™m h√†nh l√Ω lai th√¨ ƒë∆∞·ª£c tr·ª´ ti·ªÅn kh√¥ng ?,negative
2025-06-01 00:31:01+00:00,1146504504188826,pfbid034Kft1zEiB8HNhjGm9JYYmpzTgqauwCHYJCvBJoaBYE2JXKbUf81AjDabDtviGkUDl,sao laptop legion 5 2021 t√¥i mua 2 nƒÉm tr∆∞·ªõc ko c√≥ office b·∫£n quy·ªÅn ta,1,sao laptop legion 5 2021 t√¥i mua 2 nƒÉm tr∆∞·ªõc ko c√≥ office b·∫£n quy·ªÅn ta,negative
2025-06-01 02:45:13+00:00,1146504504188826,100030966722781,Office vƒ©nh vi·ªÖn h·∫£ ta,0,Office vƒ©nh vi·ªÖn h·∫£ ta,positive
2025-06-01 04:25:04+00:00,1146504504188826,pfbid02DdPVJo35cNe7f5EsGdrDom4gKwViJL8jVpzwVXRdGZTTF1kz2qXtgdjegcPrfCxfl,Khong ban laptop..tom lai ban gi?,0,Khong ban laptop..tom lai ban gi?,negative
2025-06-01 03:05:07+00:00,1146504504188826,100082365036655,Mua laptop,0,Mua laptop,neutral
2025-06-01 06:06:00+00:00,1146504504188826,pfbid08jYzsHNzD2LHSURkyyphCrgPsTNpVfcDHdEioZ3Cj6mf8iTtaS7z9VcZRg9vVVVjl,Xin t∆∞ v·∫•n ·∫°,0,Xin t∆∞ v·∫•n ·∫°,neutral
2025-06-01 05:03:43+00:00,1146504504188826,100004293422336,H·∫øt ƒë√°nh tr√°o kh√°i ni·ªám mua tr·∫£ g√≥p th√†nh mua tr·∫£ ch·∫≠m gi·ªù t·ªõi laptop l√†m ri·∫øt nh∆∞ ƒëa c·∫•p kkkk,7,H·∫øt ƒë√°nh tr√°o kh√°i ni·ªám mua tr·∫£ g√≥p th√†nh mua tr·∫£ ch·∫≠m gi·ªù t·ªõi laptop l√†m ri·∫øt nh∆∞ ƒëa c·∫•p kkkk,negative
2025-06-01 03:35:02+00:00,1146504504188826,100002976110600,Content nh·∫°t üòë x·∫•u h·ªï gi√πm,5,Content nh·∫°t  x·∫•u h·ªï gi√πm,negative
2025-05-31 09:45:17+00:00,1145328240973119,pfbid023GjTt7zdaR5URCBGbpHoZH7v45xvJD4sQmen8Wrn1KX1hyjLjoQ2fM2CtNznxsRBl,Ko b√°n th√¨ thui m√™ REDMI book pro 16 2025 m√† ko c√≥ th√¨ thui :)),0,Ko b√°n th√¨ thui m√™ REDMI book pro 16 2025 m√† ko c√≥ th√¨ thui :)),negative
2025-05-31 08:55:36+00:00,1145328240973119,100005347332298,V·∫´n c√≤n m·∫•y gi·ªù m√¨nh c√≥ x·∫£ h√†ng kh√¥ng shop ∆°i,0,V·∫´n c√≤n m·∫•y gi·ªù m√¨nh c√≥ x·∫£ h√†ng kh√¥ng shop ∆°i,neutral
2025-05-30 15:22:12+00:00,1145328240973119,pfbid0TgrvBLYPBGE64f2gM3fFyN4xrmgap29Q7TSmXtbgAEbyzvrSE9ENJXPvMbVQFqDNl,ch√∫ng t√¥i ko b√°n ch√∫ng t√¥i t·∫∑ng h·∫£ qu√Ω shop ü§£,0,ch√∫ng t√¥i ko b√°n ch√∫ng t√¥i t·∫∑ng h·∫£ qu√Ω shop ,neutral
2025-05-31 09:56:47+00:00,1145328240973119,pfbid02SsgVLZbagucupeDNXot5q8wB2LAhzexreDAqgnWQeL6iWC3vQ7B1GNM4Xkp1RaJ7l,Samsung A06 gi√° bao nhi√™u v·∫≠y shop,0,Samsung A06 gi√° bao nhi√™u v·∫≠y shop,neutral
2025-05-31 05:06:57+00:00,1145328240973119,100002864490983,Vi·∫øt t·∫ßm b·∫≠y t·∫ßm b·∫°,0,Vi·∫øt t·∫ßm b·∫≠y t·∫ßm b·∫°,negative
2025-05-30 15:17:18+00:00,1145328240973119,pfbid03mnRBFeqxHTngSef4WCqoPmSn29UoP7r1ymoKGdnagxMvVvkqCTRSvvmDqe19PGQl,Gi·∫£m 50% th√¨ mua,0,Gi·∫£m 50% th√¨ mua,neutral
2025-05-31 04:23:28+00:00,1145328240973119,100036272079370,Th·∫ø c√≥ b·∫£o h√†nh ko,0,Th·∫ø c√≥ b·∫£o h√†nh ko,neutral
2025-05-30 15:53:43+00:00,1145328240973119,100002315641810,Ai duy·ªát camp n√†y ƒë∆∞·ª£c c≈©ng hay ü•≤,0,Ai duy·ªát camp n√†y ƒë∆∞·ª£c c≈©ng hay ,positive
2025-05-30 15:16:00+00:00,1145328240973119,pfbid021NDHvFqouZtwLkMFV1Cnhh9BoqdRkYmvuMHz3Ca5h9n6uVbnkgkcvB3YqPeUZZXol,N·∫øu t·∫∑ng th√¨ em kh√¥ng ng·∫°i hihi,0,N·∫øu t·∫∑ng th√¨ em kh√¥ng ng·∫°i hihi,neutral
2025-05-31 04:47:58+00:00,1145328240973119,pfbid02pAjpumXwThoq3VXRV3GUhKNe9oS5jxZYLczgbzVayobAVBLSp45gNJkdesSFnT41l,Continued,0,Continued,positive
2025-05-31 13:01:58+00:00,1145328240973119,pfbid02Gytg5kDh31NmyLpt31XBq1PGw1eKueq2uDcnnMY6fSuR7bMxRxMBGXkBXaeDoCHZl,Ko b√°n laptop ch·ªâ b√°n May t√≠nh x√°ch tay,0,Ko b√°n laptop ch·ªâ b√°n May t√≠nh x√°ch tay,negative
2025-05-31 11:49:59+00:00,1145328240973119,pfbid02nNSetz852cMGnJ3xKnBFYUBMXyuGcPndMewVSiyyducYr7evvBkAnJgQPuT3c6T6l,L√† sao,0,L√† sao,neutral
2025-05-30 15:50:06+00:00,1145328240973119,pfbid027CSF2gcjE4NsFWLrYooBEySWPaHpnbM5ticH62437Cf1TDRHw2crf7U85vxo8UdYl,m tr√¥n?,1,m tr√¥n?,neutral
2025-05-31 04:09:30+00:00,1145328240973119,100004509162106,T√≠nh ra mua m√† kh√¥ng b√°n th√¨ ngh·ªâ x√†i lu√¥n ü§£,0,T√≠nh ra mua m√† kh√¥ng b√°n th√¨ ngh·ªâ x√†i lu√¥n ,negative
2025-06-01 04:45:54+00:00,1145328240973119,pfbid02fMCUREiV8vSSPPWfanRnsoLnqEdcfYGg4b3Fj6X8SivnDHsMAxxPpBTwGQP2FRcRl,Chao,0,Chao,neutral
2025-06-01 01:23:47+00:00,1145328240973119,pfbid0PYP3F4ceuUeWQjtG6EPc6MAYfQM7eWYBxvRVhj1vFCjQAnYN6GpddYnqtHea7MfFl,ƒê∆∞·ª£c t·∫∑ng h·∫£ shop,0,ƒê∆∞·ª£c t·∫∑ng h·∫£ shop,neutral
2025-05-30 15:35:31+00:00,1145328240973119,pfbid0FJNJhz97S9GMUc8eVQdhpAunP6QA4UoqWWUK3jJ5rTMFPq9C4HanZxg32rYuPYcxl,"Ko b√°n th√¨ th√¥i kh·ªèi mua
Bye",1,"Ko b√°n th√¨ th√¥i kh·ªèi mua
Bye",neutral
2025-05-30 15:17:51+00:00,1145328240973119,pfbid029yJVuDLkiWtXQcUd9zv6kTCt1MawJrsmUQVAuoW9epKXHLiBWQXd8z5wRCB895Qel,Xin ch√∫c m·ª´ng content. B·∫°n ƒë√£ m·∫•t 1 kh√∫c kh√°ch h√†ng thay v√¨ g√¢y s·ª± ch√∫ √Ω,1,Xin ch√∫c m·ª´ng content. B·∫°n ƒë√£ m·∫•t 1 kh√∫c kh√°ch h√†ng thay v√¨ g√¢y s·ª± ch√∫ √Ω,neutral
2025-05-31 11:01:58+00:00,1145328240973119,pfbid0ThQb6MKFpMYniez4Dhnq512nnk7rDKbsQL5DH4Rf4kpMt4iBAmbnDYQsfQKi6XnLl,kh√¥ng b√°n th√¨ th√¥i qua fpt mua.,1,kh√¥ng b√°n th√¨ th√¥i qua fpt mua.,negative
2025-05-31 12:24:04+00:00,1145328240973119,pfbid02b7Fun4h8HpoznrsHS5mJoSnqSRaDVCmdb7vXxjb4HCEFuTAbZu77Pyk14SamoqAUl,"V·∫≠y th√¥i qua FPT mua v·∫≠y, ƒëang ƒë·ªãnh mua 3 c√°i v·ªÅ",1,"V·∫≠y th√¥i qua FPT mua v·∫≠y, ƒëang ƒë·ªãnh mua 3 c√°i v·ªÅ",neutral
2025-06-02 00:17:26+00:00,1146529790852964,pfbid02okiHFwrRNuAGA4WnJyepNZZ6SRa7zj4GKDG7mvAWDAerAh9zC7ek7Jz6m5e2pgdYl,Th·∫±ng t·∫°o v√† th·∫±ng duy·ªát content ch·∫Øc b·ªØa gi·ªù b·ªã ch·ª≠i to ƒë·∫ßu r·ªìi,0,Th·∫±ng t·∫°o v√† th·∫±ng duy·ªát content ch·∫Øc b·ªØa gi·ªù b·ªã ch·ª≠i to ƒë·∫ßu r·ªìi,negative
2025-06-01 05:15:11+00:00,1146529790852964,pfbid02b7Fun4h8HpoznrsHS5mJoSnqSRaDVCmdb7vXxjb4HCEFuTAbZu77Pyk14SamoqAUl,Mua laptop l√† c√≥ c·∫£ t∆∞∆°ng lai v∆∞·ª£t tr·ªôi?? Qu·∫£ng c√°o c√≥ l·ªë qu√° k z? L·ªë h∆°n c·∫£ k·∫πo rau c·ªß kera.,6,Mua laptop l√† c√≥ c·∫£ t∆∞∆°ng lai v∆∞·ª£t tr·ªôi?? Qu·∫£ng c√°o c√≥ l·ªë qu√° k z? L·ªë h∆°n c·∫£ k·∫πo rau c·ªß kera.,negative
2025-06-01 09:19:41+00:00,1146529790852964,100080901571170,xinn ch√†oo,0,xinn ch√†oo,neutral
2025-06-01 11:24:50+00:00,1146529790852964,pfbid02XTwEcfe847f7Zv4ApZcdRag7o3BD1jYET4NTbG6mPvBxH6TPan7QvyBzA4aKA4cKl,.,0,.,neutral
2025-06-01 11:40:32+00:00,1146529790852964,pfbid0ppRBSupMBNUP4ahaab4ynetkz3pyurKvWKpksjfTzC3rh9YXvBf1gHjU5UVzg5Jbl,Content x√†m thi·ªát ch·ª©,0,Content x√†m thi·ªát ch·ª©,negative
2025-05-31 05:06:32+00:00,1145328240973119,pfbid0FJuyczuz5EGzLijTCWFC5cTWQhB8BjHnqSMUDFYLkgoUmZX9bV4etvRrYDRhGVSrl,B√°n m·∫Øc qu√° n√™n th√¥i shop nh√©,0,B√°n m·∫Øc qu√° n√™n th√¥i shop nh√©,negative
2025-05-31 09:53:58+00:00,1145328240973119,pfbid0RoS4cGJCx3zP3cXHv5EYvepfWSUNbGz4QwqeDoLd47iZpdFdkWUb2EgcaweXdaUvl,ƒê·ªãnh mua c√°i lap gaming ch∆°i m√† ko b√°n th√¥i v·∫≠y,0,ƒê·ªãnh mua c√°i lap gaming ch∆°i m√† ko b√°n th√¥i v·∫≠y,negative
2025-05-31 04:24:20+00:00,1145328240973119,pfbid0VYm7porpFJX98MBUfkgYYZCMH1vMtLA8mzZriHNpoW5coymUsKehGUqDeYmW8WjCl,T∆∞·ªüng mn c·∫ßn mua Lap ch·ªó TGDƒê n√†y ch·∫Øc?,0,T∆∞·ªüng mn c·∫ßn mua Lap ch·ªó TGDƒê n√†y ch·∫Øc?,neutral
2025-05-31 10:06:47+00:00,1145328240973119,pfbid02KSdTQdf8QwW5qCVEnQNccdNFeLgCafuDaUoK1pPKeyAjQjqkVmRAswxhWS5Ahr4pl,"T·ª´ 1/6 ch√∫ng t√¥i kh√¥ng b√°n laptop m√† s·∫Ω t·∫∑ng laptop, qua ng√†y 2 b√°n l·∫°i ü•∂",0,"T·ª´ 1/6 ch√∫ng t√¥i kh√¥ng b√°n laptop m√† s·∫Ω t·∫∑ng laptop, qua ng√†y 2 b√°n l·∫°i ",negative
2025-05-31 13:50:56+00:00,1145328240973119,pfbid0KJsnhTyHw7DqJ4yk1HjSmrpSB4fawQC1sRPGYgoEkdBKMJgknBusYkiAGyfXcqXul,·ªßa nay TGDD ko b√°n lap n·ªØa h·∫£,0,·ªßa nay TGDD ko b√°n lap n·ªØa h·∫£,negative
2025-05-31 09:01:48+00:00,1145328240973119,100081640144911,b√°n PC √†,0,b√°n PC √†,neutral
2025-05-31 10:41:04+00:00,1145328240973119,pfbid02okiHFwrRNuAGA4WnJyepNZZ6SRa7zj4GKDG7mvAWDAerAh9zC7ek7Jz6m5e2pgdYl,Th·∫ø th√¥i mua fpt,0,Th·∫ø th√¥i mua fpt,neutral
2025-05-31 01:48:21+00:00,1145328240973119,pfbid0wHmkiFCe9Snz7ST4nxMpXugCRtJrsMj1hiJjWLqj66DB74s3gPrVTiLsX4zF9MKnl,Vay mua o mo ?,0,Vay mua o mo ?,neutral
2025-05-30 15:26:40+00:00,1145328240973119,pfbid02XTwEcfe847f7Zv4ApZcdRag7o3BD1jYET4NTbG6mPvBxH6TPan7QvyBzA4aKA4cKl,.,0,.,neutral
2025-06-01 02:58:44+00:00,1146504504188826,pfbid02Y41W3u7ohzgKbV1aESc3mBgPW6t6f47StR3WfdBU45UQbrJcuxJUBZ1K4WZ7r4MXl,"Tr·∫ßn H·ªØu Hi·∫øu m·∫•y c√°i hi·ªÉn nhi√™n gi·ªù th√†nh ∆∞u ƒë√£i, qu√° ƒë√£ ü§© +1 l√≠ do ko mua laptop ·ªü TGDƒê ü•∞",1,"Tr·∫ßn H·ªØu Hi·∫øu m·∫•y c√°i hi·ªÉn nhi√™n gi·ªù th√†nh ∆∞u ƒë√£i, qu√° ƒë√£  +1 l√≠ do ko mua laptop ·ªü TGDƒê ",negative
2025-06-01 09:20:50+00:00,1146504504188826,pfbid0AnNco2At7etrRrejUUMDWeGULHJxNsafZbjFF5x5SZ2QxreGy9tG1dgwYyRmfBBWl,H√†nh trang n√†y ƒë√°nh t√†i x·ªâu c√≥ m∆∞·ª£t ko ad,0,H√†nh trang n√†y ƒë√°nh t√†i x·ªâu c√≥ m∆∞·ª£t ko ad,neutral
2025-06-01 14:18:21+00:00,1146504504188826,pfbid08MpVgxBqTvX8y9jCTeSVfvW7f9UaKYLuk3wKZTSpGHC7RM5MoiMZ8kqsj43ovxvxl,Content s·ª£ qu√° ch√†i ∆°i ch√†i. ƒê·ªçc m√† c∆∞·ªùi nh∆∞ ng√†y chuy·ªÉn d·∫° th√°ng th·ª© 9,2,Content s·ª£ qu√° ch√†i ∆°i ch√†i. ƒê·ªçc m√† c∆∞·ªùi nh∆∞ ng√†y chuy·ªÉn d·∫° th√°ng th·ª© 9,negative
2025-06-01 05:52:27+00:00,1146504504188826,pfbid026iNMebeeds11gBeTaWrszCUbP26cWE8Uo27JWhUNbqE41BYNA6NN7JKErZ3LWrSql,"Kh√¥ng ai th√®m mua ƒë√¢u m√°, content x√†m",2,"Kh√¥ng ai th√®m mua ƒë√¢u m√°, content x√†m",negative
2025-06-01 10:51:05+00:00,1146504504188826,pfbid02Qa7obwCK8hLDBg8Lopn8JzK1xnm8s3YWcZVdqYtKeX1cQJnAY9mNk8NAqSfGtjLrl,·ª•a th√°ng n√†o ch·∫£ KM nh∆∞ v·∫≠y :)),0,·ª•a th√°ng n√†o ch·∫£ KM nh∆∞ v·∫≠y :)),negative
2025-06-01 10:18:36+00:00,1146504504188826,pfbid037tqqCSyBHyHZQ33q3R7Pt3Aty4Hzf1mapKX9d4kbrLdLFzVcXvQEByDkYVV5651pl,ƒê·ªçc m√£i m·ªõi hi·ªÉu n·ªôi dung qu·∫£ng c√°o vl,0,ƒê·ªçc m√£i m·ªõi hi·ªÉu n·ªôi dung qu·∫£ng c√°o vl,negative
2025-06-01 07:46:22+00:00,1146504504188826,pfbid0vMiLDvcCc3ePZrXmdiRmWykzeqrjchk6MBzd6MAMu3kfSakumX6QgUZm6BH5N16Ml,B√°n c·∫£ t∆∞∆°ng lai c∆° √† kkk v·∫≠y l√† t∆∞∆°ng lai m√π m·ªãt r·ªìi,0,B√°n c·∫£ t∆∞∆°ng lai c∆° √† kkk v·∫≠y l√† t∆∞∆°ng lai m√π m·ªãt r·ªìi,negative
2025-06-01 05:28:59+00:00,1146504504188826,pfbid0ZrCNiU2xoW6rFbJKeHss3rF3KyZGmm3qyJaBYDi7ygVDF3rtLs74SgrKJFDLGaiRl,H∆°i th·∫•t v·ªçng ai l√†m content v·∫≠y,0,H∆°i th·∫•t v·ªçng ai l√†m content v·∫≠y,negative
2025-06-01 07:50:00+00:00,1146504504188826,100005530152409,"B·ªã kh√πng h·∫£
ƒê·ª©a n√†o ngh·ªâ ra c√°i content n√†y z",0,"B·ªã kh√πng h·∫£
ƒê·ª©a n√†o ngh·ªâ ra c√°i content n√†y z",negative
2025-06-01 04:56:57+00:00,1146504504188826,pfbid028gpapzcTZrVUrLtzbEVmEuuvTHgwEwRc68ocPdpNb8fJi7LoqKD6ZgN6uss38Fzgl,Co ten t√†o b√≠ ƒëao ü§£,0,Co ten t√†o b√≠ ƒëao ,neutral
2025-05-30 15:04:41+00:00,1145328240973119,pfbid02UezdUHaNvouaLYxeTMMb8bAMGRWi2wzaMmPGD7AwQnHHZfstib3awNMqa9GNKM9wl,Tr√≠ b√°n Tivi - T·ªß L·∫°nh - M√°y Gi·∫∑t kho√°i kho√°i,5,Tr√≠ b√°n Tivi - T·ªß L·∫°nh - M√°y Gi·∫∑t kho√°i kho√°i,neutral
2025-05-30 14:28:49+00:00,1145328240973119,pfbid02BWds2ziQ7zbgpLNC9GyQnHMPhvWFWQXpr6zi96Ea3BgHqKaa2VZtNeAYumJt3Xrwl,"Ngta ƒëi ƒë·ªìn xong c√°i m·∫•t ƒëi 1 l∆∞·ª£ng kh√°ch, bi·∫øt ng∆∞·ªùi Vi·ªát Nam m√† nhanh v√† lan r·ªông l·∫Øm ƒë·∫•yüòÇ",4,"Ngta ƒëi ƒë·ªìn xong c√°i m·∫•t ƒëi 1 l∆∞·ª£ng kh√°ch, bi·∫øt ng∆∞·ªùi Vi·ªát Nam m√† nhanh v√† lan r·ªông l·∫Øm ƒë·∫•y",negative
2025-05-30 14:21:48+00:00,1145328240973119,pfbid02QgtVuGMErJayoKVtyUjhMHDWzNi28TWZthfe9MxLBHaiGzYXxEYKQuxSgnD8HoCSl,Em nghƒ© cho m√† ch√∫ng t√¥i s·∫Ω cho THU√ä,0,Em nghƒ© cho m√† ch√∫ng t√¥i s·∫Ω cho THU√ä,neutral
2025-05-30 14:20:55+00:00,1145328240973119,pfbid02P5Wo3Dh2wFjBM2Z4HNGxWZvc9ifU28ZEkiaqaXfCQsBhbUtkK4YusJxCANgbiwpsl,V·∫≠y c√≥ thanh l√Ω k b·∫°n,0,V·∫≠y c√≥ thanh l√Ω k b·∫°n,neutral
2025-05-30 14:18:45+00:00,1145328240973119,pfbid02YFNFrycNFrofwYzbk569achbK6s5uHS4jcqZZ9KUYLJhKAniU4GrZK1ArmHzJ1swl,ƒê·ª©a n√†o l√†m c√°i n√†y üòÜ,0,ƒê·ª©a n√†o l√†m c√°i n√†y ,neutral
2025-05-30 14:16:16+00:00,1145328240973119,pfbid0pnZVwTzBQ48YTBgh2kNCKcTVCzK8TjrAs8jBCRsyuQTtVz9S6bHXqdWdWxyJM979l,ƒê·ªãnh mua 2 c√°i lap top b√™n TGDD cho con h·ªçc m√† kh√¥ng b√°n th√¨ qua shop kh√°c v·∫≠y,32,ƒê·ªãnh mua 2 c√°i lap top b√™n TGDD cho con h·ªçc m√† kh√¥ng b√°n th√¨ qua shop kh√°c v·∫≠y,negative
2025-05-30 14:10:28+00:00,1145328240973119,pfbid0aGDtw45P3bMA9HagMcZNmSxjnGwjMi6dAckyW43pVhte6dN5ciqih3LpiupYXuPAl,V·∫≠y l√† TGDD b√°n PC √† üòÇ,0,V·∫≠y l√† TGDD b√°n PC √† ,negative
2025-05-30 14:02:00+00:00,1145328240973119,pfbid02zkpxRNQfgW6RGxDzSPQ29fryFgkpSnTySQJbdyMrMisvBAyWSDMGPa2zXwhoVRQQl,Khi th·∫ø h·ªá c·ª£t nh·∫£ Gen Z l√†m Marketing th√¨ ·ªëi gi·ªùi √¥i,0,Khi th·∫ø h·ªá c·ª£t nh·∫£ Gen Z l√†m Marketing th√¨ ·ªëi gi·ªùi √¥i,negative
2025-05-30 13:56:55+00:00,1145328240973119,pfbid0hysj3njaRy8CZwGenRUsmdCLceXRfTjLzpuwx16nRAyE6hcp4zKX6EBH8zvoAh1Al,Tri Le,1,Tri Le,neutral
2025-05-30 13:55:37+00:00,1145328240973119,pfbid034qvT48JHLLNzoPVn11L3FXNuNWvQjBbRgcNEXC7huvr8aYC6WQUuMPptZYBKJvK6l,Ch·∫Øc ch·ªâ m·ªói TGDD l√† c√≥ b√°n laptop?,0,Ch·∫Øc ch·ªâ m·ªói TGDD l√† c√≥ b√°n laptop?,negative
2025-06-01 03:22:53+00:00,1146504504188826,pfbid0UVbyTKD2MfJPUnUbZeUXqMUF9JhdowK3pD1NRL4o146QwSWA5TYzfbkhigK9fZM8l,Ng·ªçc Hi·ªÅn 188707 ƒë·ª´ng n√≥i x·∫•u c√¥ng ty n·ªØa,0,Ng·ªçc Hi·ªÅn 188707 ƒë·ª´ng n√≥i x·∫•u c√¥ng ty n·ªØa,negative
2025-06-01 08:21:10+00:00,1146504504188826,pfbid0qMekvsfthEJ4NFTeS6qT9wp6AemeeVgVEj4bdarnqbadqepFFNmDvQGAPMTntsP1l,Xin c·∫•u h√¨nh 5tr c·ªßa M·ªòT H√ÄNH TRANG!!,0,Xin c·∫•u h√¨nh 5tr c·ªßa M·ªòT H√ÄNH TRANG!!,neutral
2025-06-01 04:32:08+00:00,1146504504188826,pfbid02b7Fun4h8HpoznrsHS5mJoSnqSRaDVCmdb7vXxjb4HCEFuTAbZu77Pyk14SamoqAUl,"Content nh∆∞ cc ·∫•y th·ªÅ, k b√°n laptop th√¨ b√°n cc g√¨ kia?",1,"Content nh∆∞ cc ·∫•y th·ªÅ, k b√°n laptop th√¨ b√°n cc g√¨ kia?",negative
2025-06-01 03:57:11+00:00,1146504504188826,pfbid02oGs4eGPteNAqEmNdnBJzDjofNEMYELAULkixExpCUf81wQpjTXEzoMuZvVVfycp5l,"Mua h√†nh trang t∆∞∆°ng lai , k mua laptop ƒëc k shop",1,"Mua h√†nh trang t∆∞∆°ng lai , k mua laptop ƒëc k shop",neutral
2025-06-01 03:52:43+00:00,1146504504188826,pfbid02mzi9ievvHP9VrejVMQJEjfsxMkQgnAAJpHtzBzmBGfuNLeYgRdF638KgpnyDJYswl,iPad v·ªõi laptop c·ªßa Apple gi√° sao ·∫°,0,iPad v·ªõi laptop c·ªßa Apple gi√° sao ·∫°,neutral
2025-06-01 09:10:29+00:00,1146504504188826,pfbid02XTwEcfe847f7Zv4ApZcdRag7o3BD1jYET4NTbG6mPvBxH6TPan7QvyBzA4aKA4cKl,.,0,.,neutral
2025-06-01 05:11:33+00:00,1146504504188826,pfbid0e6aJKgiXCn2YgynMuSggJZLgFGzLLWEGJP8X3hPDkVwVjmd79XwfhZjJAk91bNool,"L√†m content nh·∫£m nh√≠, v·ªõ v·∫©n, l·∫°i c√≤n r√°ng m√† ch·∫°y qu·∫£ng c√°o facebook n·ªØa ch·ªõ",3,"L√†m content nh·∫£m nh√≠, v·ªõ v·∫©n, l·∫°i c√≤n r√°ng m√† ch·∫°y qu·∫£ng c√°o facebook n·ªØa ch·ªõ",negative
2025-06-01 03:49:17+00:00,1146504504188826,100007832628510,"""Kh√¥ng nh·ªØng...m√† c√≤n""ch·ª© ƒë·∫∑t c√¢u v mn ch√™ l√† ƒëroi. T√°c d·ª•ng ng∆∞·ª£c lu√¥n",1,"""Kh√¥ng nh·ªØng...m√† c√≤n""ch·ª© ƒë·∫∑t c√¢u v mn ch√™ l√† ƒëroi. T√°c d·ª•ng ng∆∞·ª£c lu√¥n",negative
2025-06-01 06:32:12+00:00,1146504504188826,pfbid02rpWLTtZWmLzeg45g5y59B1ELh5aGVh9mcTmQgNTyWJt8yVGiaKWeXe12kjMPRVUjl,·ª¶a r·ªìi c√≥ kh√°c g√¨ ƒëang ch·∫°y ƒë√¢u,1,·ª¶a r·ªìi c√≥ kh√°c g√¨ ƒëang ch·∫°y ƒë√¢u,negative
2025-06-01 09:24:19+00:00,1146504504188826,pfbid02X2ANGqXJxWLiJ6vz4aj6C7fNxdqtymH8f4ZjKsbZRZBvDuTZGScebLBPxtMcF1Ypl,:) tr√¥ng ch√°n k ?,0,:) tr√¥ng ch√°n k ?,negative
2025-06-01 19:56:56+00:00,1146504504188826,pfbid03633zNR3czQNd24WofDqVpHYZXwA7UB4NPTxWaHt2RBtZ9q2hi6Uea568TRFq5Yo3l,"V·∫≠y l√† kh√¥ng b√°n r·ªìi th√¨ ƒë·ªì b√°n k√®m c√≥ √Ω nghƒ©a g√¨ ƒë√¢u nh·ªâ, nh∆∞ ki·ªÉu v√†o hi·ªáu s√°ch h·ªèi mua s√°ch th√¨ kh√¥ng b√°n nh∆∞ng c√≥ b√°n ph·ª• ki·ªán l√† b√∫t, th∆∞·ªõc, t·∫©y,...üòÇ",0,"V·∫≠y l√† kh√¥ng b√°n r·ªìi th√¨ ƒë·ªì b√°n k√®m c√≥ √Ω nghƒ©a g√¨ ƒë√¢u nh·ªâ, nh∆∞ ki·ªÉu v√†o hi·ªáu s√°ch h·ªèi mua s√°ch th√¨ kh√¥ng b√°n nh∆∞ng c√≥ b√°n ph·ª• ki·ªán l√† b√∫t, th∆∞·ªõc, t·∫©y,...",negative
2025-06-01 05:44:21+00:00,1146504504188826,pfbid0PzbF7hkZiaw1bEwcYW1nuw56wFWY8A1Gu8XfVnBXNBErXuTdXQ3EgdTDDPTSmtWel,Cu·ªëi c√πng v·∫´n l√† b√°n laptop üòï,0,Cu·ªëi c√πng v·∫´n l√† b√°n laptop ,negative
2025-06-01 03:44:08+00:00,1146504504188826,pfbid02jq7qVaz6f3qjLbGTFsR9i5xBqiL5ynAhHuymvQvTCJ9jskMiPwWpMYk37Cmkunedl,T√¥i mu·ªën mua laptop ch·ª© ko c·∫ßn h√†nh trang t∆∞∆°ng lai . t√¥i l√† t√¥i ch·ª© ko ph·∫£i ƒëo√†n di bƒÉng ü§£üòÑ,3,T√¥i mu·ªën mua laptop ch·ª© ko c·∫ßn h√†nh trang t∆∞∆°ng lai . t√¥i l√† t√¥i ch·ª© ko ph·∫£i ƒëo√†n di bƒÉng ,negative
2025-06-01 06:33:07+00:00,1146504504188826,pfbid0sDswHicYi49VEqKcTnAKq1DhCQLZefwjYgLrn67Cp4VZPY3qJCDZXwrzvE8T5k1Rl,Content ngu d·ªÖ l√†m kh√°ch h√†ng quay xe l·∫Øm,3,Content ngu d·ªÖ l√†m kh√°ch h√†ng quay xe l·∫Øm,negative
2025-06-01 03:13:23+00:00,1146504504188826,pfbid02JDeG28iipGv6sonh3FxcXfSakH1SyuZJ2BZsqECr1oLMsQEsccsK9rQ9Qmkxd8XHl,C∆∞·ªùi v ü§£,4,C∆∞·ªùi v ,positive
2025-06-01 05:28:24+00:00,1146504504188826,pfbid05Ju7YdWwWGMmoKtSkmmQAV6kiptXtyN9S1KAARxjFfMdwqjaFyAvQWaXubZi7oegl,"hong b√°n laptop h·∫£, d·ªã th√¥i v·ªÅ , t∆∞·ªüng b√°n laptop t√≠nh gh√© l·ª±a ü§£",4,"hong b√°n laptop h·∫£, d·ªã th√¥i v·ªÅ , t∆∞·ªüng b√°n laptop t√≠nh gh√© l·ª±a ",neutral
2025-06-01 02:55:18+00:00,1146504504188826,pfbid02Csp9Zvu1ByXqjCVH1hAJvMi4PCG3zzP3KZC6Lp9a5DGEFBUEk9xueKqpzMKUrq3Jl,R·∫•t ti·∫øc ƒëang n·ª£ x·∫•u n√™n kh√¥ng mua ƒë∆∞·ª£c,1,R·∫•t ti·∫øc ƒëang n·ª£ x·∫•u n√™n kh√¥ng mua ƒë∆∞·ª£c,neutral
2025-06-01 07:42:12+00:00,1146504504188826,pfbid07jZYbfcfFAhNuduk7vBofggzi36vVMDZvHCZNUU4BSQ7SxLUg9TaFVVGKm5WeHkkl,ƒê·ª£t n√†y th·∫±ng l√†m content c√≥ c∆° h·ªôi l√†m vi·ªác m·ªõi r·ªìi,1,ƒê·ª£t n√†y th·∫±ng l√†m content c√≥ c∆° h·ªôi l√†m vi·ªác m·ªõi r·ªìi,neutral
2025-06-01 06:36:35+00:00,1146504504188826,pfbid0ppRBSupMBNUP4ahaab4ynetkz3pyurKvWKpksjfTzC3rh9YXvBf1gHjU5UVzg5Jbl,B√†i vi·∫øt qu·∫£ng c√°o qu√° t·ªá!,0,B√†i vi·∫øt qu·∫£ng c√°o qu√° t·ªá!,negative
2025-06-01 13:30:42+00:00,1146504504188826,pfbid03s8nwBdoSqxknrtjR6qkboVccEF7w6UvewF4mfTDE21KBtMGzbJbndXM5RF1ULHil,nh·∫°t nh·∫Ωo vl...,0,nh·∫°t nh·∫Ωo vl...,negative
2025-05-30 13:52:34+00:00,1145328240973119,100003204131977,ƒê·ªãnh ra tgdd mua laptop m√† kh√¥ng b√°n n√™n qua c·ª≠a h√†ng ƒë·ªëi di·ªán mua üòä,1,ƒê·ªãnh ra tgdd mua laptop m√† kh√¥ng b√°n n√™n qua c·ª≠a h√†ng ƒë·ªëi di·ªán mua ,negative
2025-05-30 13:52:27+00:00,1145328240973119,pfbid0E4j5b32xRSe129e1iHNrB3oyefBgdfxnndRUCS6ZVzUtddN3edUBziPheZ1KWHNAl,Kh√¥ng b√°n th√¨ th√¥i,4,Kh√¥ng b√°n th√¨ th√¥i,negative
2025-05-30 13:51:02+00:00,1145328240973119,100003103456548,·ªû Page t·ªõ b√°n nh√© üòç,1,·ªû Page t·ªõ b√°n nh√© ,neutral
2025-05-30 13:47:30+00:00,1145328240973119,pfbid02Vv4CZsVc1HhDHu614vAMYreEyQGqz8ggzxKa8U7qVoytgy4PqWJ8q91TsG5gzQySl,M√†y b·ªã s·∫•y h·∫£ admin,0,M√†y b·ªã s·∫•y h·∫£ admin,negative
2025-05-30 13:44:59+00:00,1145328240973119,100006102972259,V∆∞·ª£t tr·ªôi h∆°n th·∫ø ? V·∫≠y th√¨ cho √† ? üòÑ,0,V∆∞·ª£t tr·ªôi h∆°n th·∫ø ? V·∫≠y th√¨ cho √† ? ,negative
2025-05-30 13:41:59+00:00,1145328240973119,pfbid028tj1Z5stkxMC5hBAaUn2dfFH4n9hVDxga3WQJEykmD4n9KLzr5ZVrcM8wABLvjiRl,Ch√∫ng t√¥i b√°n top top,0,Ch√∫ng t√¥i b√°n top top,neutral
2025-05-30 13:40:42+00:00,1145328240973119,pfbid02oCH3zzLTVbuGSQhxtezfNemwCeovdFLnZFLNfcr4aKCwBHGEBKoif5d9Cm1AoFnyl,Mua laptop b·∫£o nh√¢n vi√™n c√†i ofice ko bi·∫øt c√†i.,1,Mua laptop b·∫£o nh√¢n vi√™n c√†i ofice ko bi·∫øt c√†i.,negative
2025-05-30 13:37:16+00:00,1145328240973119,pfbid02GCMKTEVfuP8CrbCEWHX39CLqtMuJMwc2wVHh5wNxFHjijD8jzhFur8YakdU8EBJKl,Kh√¥ng b√°n th√¨ th√¥i.,5,Kh√¥ng b√°n th√¨ th√¥i.,neutral
2025-05-30 13:27:01+00:00,1145328240973119,100015956131658,Ai vi·∫øt ƒëc c√°i content si√™u t√†i nƒÉng n√†y v·∫≠y. ƒê·ªçc v√†o ph√°t l√† bi·∫øt TGDƒê ko b√°n laptop n·ªØa... Gh√© cellphoneS mua v·∫≠y,21,Ai vi·∫øt ƒëc c√°i content si√™u t√†i nƒÉng n√†y v·∫≠y. ƒê·ªçc v√†o ph√°t l√† bi·∫øt TGDƒê ko b√°n laptop n·ªØa... Gh√© cellphoneS mua v·∫≠y,neutral
2025-05-30 13:26:56+00:00,1145328240973119,100008200831345,Chak ban may tinh sach tay,0,Chak ban may tinh sach tay,positive
2025-05-30 13:20:51+00:00,1145328240973119,pfbid0Ba2HNW1aLN3sssEWwmWUSkCJspav7twMUSA5MTBG7cLBQ8sy2PR9BJjB7pJRftv9l,Kh√¥ng b√°n th√¨ mai t qua c·ª≠a h√†ng ƒë·ªëi di·ªán mua,25,Kh√¥ng b√°n th√¨ mai t qua c·ª≠a h√†ng ƒë·ªëi di·ªán mua,negative
2025-05-30 13:21:56+00:00,1145328240973119,pfbid02PdjMXmhSxwRRmr7i6cH1t2Rq6FLRRcW7hSJe5iLcEdoPrsPXsxxCJXwr65u1ZzG2l,N√≥i linh tinh,0,N√≥i linh tinh,positive
2025-05-30 13:15:06+00:00,1145328240973119,pfbid024raWpZj6LXZvmfhWgLq6jEoPNgk32PT4hVtKQ98v6kUZ9DB8puVea7rgNYCWBF3ql,E mu·ªën b√°n trinh,0,E mu·ªën b√°n trinh,neutral
2025-05-30 13:13:40+00:00,1145328240973119,100000273413547,C√≥ x·∫£ kho kh√¥ng shop,0,C√≥ x·∫£ kho kh√¥ng shop,neutral
2025-05-30 13:10:50+00:00,1145328240973119,pfbid025efYN6Dz7BykZN1GvUj3YwSwUydW32ihphxJYXRnCGqL4Ejn385me684ZpTJmfEZl,xl,0,xl,neutral
2025-05-30 13:07:41+00:00,1145328240973119,pfbid0tRE7wBELPEFsaW2ekCLyCLTbSfCSSgQzsuDzR6MT8MM1NYsp1dhM6TJfqUQLfU3ml,ƒê·ªãnh mua con Dell Inspiron 15. M√† ngh·ªâ b√°n th√¨ ƒë√†nh qua fpt shop mua v·∫≠y.,16,ƒê·ªãnh mua con Dell Inspiron 15. M√† ngh·ªâ b√°n th√¨ ƒë√†nh qua fpt shop mua v·∫≠y.,negative
2025-05-30 13:07:22+00:00,1145328240973119,pfbid0FQbMXYAGMHFT168rAmn7tEiFK8UNXnU6PnAS7d9qR6Lc4TJwSjb1VqmSettzfVMMl,Th√¨ qua viettel v√† fpt mua laptop,1,Th√¨ qua viettel v√† fpt mua laptop,neutral
2025-05-30 13:03:45+00:00,1145328240973119,100000112159572,v·∫≠y c√≥ b√°n m√°y t√≠nh s√°ch tay kg,0,v·∫≠y c√≥ b√°n m√°y t√≠nh s√°ch tay kg,negative
2025-05-30 13:03:04+00:00,1145328240973119,pfbid0gHNHkyxs3LSPzDN69ofCX8pQWHe3SvfK2ZYzbTKsyo3mob43VRnRtRGStFrqJKxrl,S·∫Ω c√≥ thegioilaptop,2,S·∫Ω c√≥ thegioilaptop,neutral
2025-05-30 13:00:42+00:00,1145328240973119,pfbid07QERH2femFnwZu4w1MRjo8vDE7GvEMBUThzY9DVA8mVUC9jasDX7kCcpDvvHGdKsl,Kh√¥ng b√°n laptop ch·ªâ b√°n ƒëi·ªán tho·∫°i th√¥i √† ?,0,Kh√¥ng b√°n laptop ch·ªâ b√°n ƒëi·ªán tho·∫°i th√¥i √† ?,negative
2025-06-01 08:27:47+00:00,1146504504188826,pfbid0pvkYDRxBBhUsa7MWPixgFtzYdUCzuvf2DjaM4sm2tPoqT52FafNr95ZuXkacp77Dl,Content ƒë·ªânh n√≥c nh·ªâ Ng·ªçc H√† Phan M·∫°nh Ti·∫øn ü§£,0,Content ƒë·ªânh n√≥c nh·ªâ Ng·ªçc H√† Phan M·∫°nh Ti·∫øn ,positive
2025-06-01 06:32:08+00:00,1146504504188826,pfbid02ZvEgQk4Timnti52TRH4Lric2D2W5pJJNgQQ3dhKyj81yHRsoTXcuzKwck3tk3PSpl,H·∫øt content hay g√¨?? üòå,1,H·∫øt content hay g√¨?? ,neutral
2025-06-01 07:16:52+00:00,1146504504188826,pfbid02BisHuhFA6jbqNqrPYZRRGGPjw9uGmmbxXqAk2bPGcmZns9BVmLtKL9NFwcNzZsw9l,R·ªìi kh√¥ng b√°n d·ªØ ch∆∞a,0,R·ªìi kh√¥ng b√°n d·ªØ ch∆∞a,neutral
2025-06-01 02:32:36+00:00,1146504504188826,pfbid023GjVKMdjRDSVwZGtbCCFFXeZKaQ7mzjcZUadgLU1VHEZpJ53eodXX5EZVr9V4AEfl,Nh√¨n vi·∫øt qu·∫£ng c√°o ƒë√£ th·∫•y ch√°n r ü•¥ü•¥,4,Nh√¨n vi·∫øt qu·∫£ng c√°o ƒë√£ th·∫•y ch√°n r ,negative
2025-06-01 04:43:14+00:00,1146504504188826,pfbid0hNpTAjTvRZM2unc64B7g7L9XLqWVdf6RFBQZJuFBqJUgZ6cG7qQqbcejD4eJd9EZl,C√¢u ko b√°n Laptop m√† ƒëi truy·ªÅn mi·ªáng th√¨ ƒë√∫ng l√† m·∫•t h·∫øt doanh thu. üòí,2,C√¢u ko b√°n Laptop m√† ƒëi truy·ªÅn mi·ªáng th√¨ ƒë√∫ng l√† m·∫•t h·∫øt doanh thu. ,negative
2025-06-01 02:45:06+00:00,1146504504188826,pfbid0iiFPaRa8e1A6PhkKGaHJDGP1itDHheG1ZW44UwLryi8zpXTKtTdkPuDs9yY9tu6fl,C√≥ kh√°c j trc ng√†y 1-6 √†,3,C√≥ kh√°c j trc ng√†y 1-6 √†,neutral
2025-06-01 11:48:56+00:00,1146504504188826,pfbid02wLW3p6AqveyJaatJWjqC85JyTC3iyun19ZKWjfp4mkwe61CeJvwwt8zz4j1Jz66dl,"Ghi nh·∫ßm ƒë√≥, ghi ƒë√∫ng ch·∫Øc l√† H√†nh tinh t∆∞∆°ng lai",0,"Ghi nh·∫ßm ƒë√≥, ghi ƒë√∫ng ch·∫Øc l√† H√†nh tinh t∆∞∆°ng lai",negative
2025-06-01 07:45:10+00:00,1146504504188826,pfbid0vMiLDvcCc3ePZrXmdiRmWykzeqrjchk6MBzd6MAMu3kfSakumX6QgUZm6BH5N16Ml,Kkk th·ªùi 4.0 c√≤n ƒëi m·ªã d√¢n,0,Kkk th·ªùi 4.0 c√≤n ƒëi m·ªã d√¢n,negative
2025-06-01 02:31:20+00:00,1146504504188826,pfbid02GqbGzLrpUooJHSTFpsSfVqbJrr2sM3pyJ124sut7zziMHoGuh6T1A8591t8UuNjXl,T√¢m Thu DAnhh Caoo coi content n√®.,0,T√¢m Thu DAnhh Caoo coi content n√®.,positive
2025-06-01 06:05:22+00:00,1146504504188826,pfbid0ZJk9uLJyGoGNN8K32L5NH5A7xKFXoVQischJ2n1GxpJaap1JCsiAqqy23YeNpNbZl,Content ch√°n d·ªã ch·ªùi ü§£,0,Content ch√°n d·ªã ch·ªùi ,negative
2025-06-01 03:18:38+00:00,1146504504188826,pfbid0ejhwupxzgrgCBzLfFsSUjrhVjTiHV4z4jw3itStSCMrVSkdkGhQVYES6bPR4zyyjl,"H√†nh c√°i cmm ch·ª© h√†nh trang, h·ªçc durex m√† h·ªçc ch∆∞a t·ªõi :)))",4,"H√†nh c√°i cmm ch·ª© h√†nh trang, h·ªçc durex m√† h·ªçc ch∆∞a t·ªõi :)))",negative
2025-06-01 04:03:16+00:00,1146504504188826,pfbid024C8t5E4RYwFDBe6yHsFTCJ8GFpCteN6reTbjXSi6NsETjGQ6QLWtwcbwQmujYu5Tl,B√°n cho m·∫•y √¥ng nh√µi hay t√†i x·ªâu c√≥ l√† h√†nh trang t∆∞∆°ng lai ko,2,B√°n cho m·∫•y √¥ng nh√µi hay t√†i x·ªâu c√≥ l√† h√†nh trang t∆∞∆°ng lai ko,neutral
2025-06-01 02:58:21+00:00,1146504504188826,pfbid06SkdNqd3JyTkoKpAdvK4nHLybbuemwdNWDj5EUTU3VFvNeV2X4tYNtCrz8JABeqvl,Content: CH√ä üôÇ,0,Content: CH√ä ,neutral
2025-06-01 09:35:06+00:00,1146504504188826,pfbid02J5TAshUXM1agiq6o6Yq4oZW6Uv8QeQfQLMa8fJiBbbSuDt33ySPy1YZy7vjnr4jAl,D√†nh cho gi√°o vi√™n. Ch·ªâ gi√°o vi√™n m·ªõi ƒëi l√†m. C√≤n ngh·ªÅ kh√°c k c·∫ßn ƒëi l√†m ....,0,D√†nh cho gi√°o vi√™n. Ch·ªâ gi√°o vi√™n m·ªõi ƒëi l√†m. C√≤n ngh·ªÅ kh√°c k c·∫ßn ƒëi l√†m ....,negative
2025-06-01 05:18:51+00:00,1146504504188826,pfbid0gbpntU9smxex3g9BCFoijZADXkDvVXjL6NH4xRgKiZrZGDRC3cbJ2Nh5835aaDTul,√ù l√† c√≥ nh·∫≠n ra content m√¨nh l√†m n√≥ x√†m m√† nh·∫°t nh·∫Ωo c·ª° n√†o ko =)),2,√ù l√† c√≥ nh·∫≠n ra content m√¨nh l√†m n√≥ x√†m m√† nh·∫°t nh·∫Ωo c·ª° n√†o ko =)),negative
2025-06-01 05:30:20+00:00,1146504504188826,pfbid02N4yfrb9qL1MuktPdHdssAAHzVWZW7UY186s2XB4aDpoDBdcSG8XGtoanEe34bb2bl,"T∆∞·ªüng g√¨ , t√†o lao",2,"T∆∞·ªüng g√¨ , t√†o lao",neutral
2025-06-01 04:26:46+00:00,1146504504188826,pfbid0CEgcKUptpP3JhTq7c7SCxjSAi6ZwZZ8fMkV7d23RLtU7MsasyJcqHFCtBmrrLnXwl,Mua laptop ƒë∆∞·ª£c t·∫∑ng h·ªçc b·ªïng to√†n ph·∫ßn cho ƒë·∫øn khi ra tr∆∞·ªùng v√† h·ªó tr·ª£ 100% c√≥ vi·ªác l√†m th√¨ m·ªõi g·ªçi l√† h√†nh trang t∆∞∆°ng lai nha ü§£ü§£ü§£,1,Mua laptop ƒë∆∞·ª£c t·∫∑ng h·ªçc b·ªïng to√†n ph·∫ßn cho ƒë·∫øn khi ra tr∆∞·ªùng v√† h·ªó tr·ª£ 100% c√≥ vi·ªác l√†m th√¨ m·ªõi g·ªçi l√† h√†nh trang t∆∞∆°ng lai nha ,neutral
2025-06-01 12:39:28+00:00,1146504504188826,pfbid02Kx1MP9gW9LZio1zqAL4yHQm2r96szXAWJtjGYT3u84QVs2GWopvugh7WoyYSu6uwl,T·∫°o content cho x√¥m √†:))) chi·∫øc l∆∞·ª£c hay ngoo th·∫≠t ƒë√¢y:)),0,T·∫°o content cho x√¥m √†:))) chi·∫øc l∆∞·ª£c hay ngoo th·∫≠t ƒë√¢y:)),neutral
2025-06-01 06:45:58+00:00,1146504504188826,100005672345033,ƒêi mua laptop th√¨ k b√°n . ƒêi b√°n h√†nh trang t∆∞∆°ng lai . Ai m∆∞·ª£n ??? . Ai c·∫ßn ??? Ai th√®m ????,2,ƒêi mua laptop th√¨ k b√°n . ƒêi b√°n h√†nh trang t∆∞∆°ng lai . Ai m∆∞·ª£n ??? . Ai c·∫ßn ??? Ai th√®m ????,negative
2025-06-01 05:51:29+00:00,1146504504188826,pfbid0bUSn5NNTz383bjXF4wdGn4Av1CKUo7m49pYLHab9Qaogtn8Ek4aXfhnnJuzb5qcml,c√°i chi·∫øn d·ªãch ƒëi v√†o l·ªìng ƒë·∫•t qu√°,0,c√°i chi·∫øn d·ªãch ƒëi v√†o l·ªìng ƒë·∫•t qu√°,negative
2025-05-30 12:57:27+00:00,1145328240973119,100004244250546,X·∫£ kho kh√¥ng,0,X·∫£ kho kh√¥ng,neutral
2025-05-30 12:49:02+00:00,1145328240973119,pfbid02hUPSDr4GLgN5qxnUmod7ghdx2VC1qSGEJ8wbVYe6EML4PLVAxcL4PvXjphYCVmaJl,L√† sao m√°,1,L√† sao m√°,neutral
2025-05-30 12:48:02+00:00,1145328240973119,pfbid0YkJsmuWohw5tuVp2otVY1X4g5WiBvb8SUkaVLeRT5GcsvL2uGSdXvebdrgPPwQScl,Ch·ªâ b√°n AI laptop th√¥i pk ad?,0,Ch·ªâ b√°n AI laptop th√¥i pk ad?,negative
2025-05-30 12:44:11+00:00,1145328240973119,100000153656786,"Th√¥i xong, ƒë·ªãnh qu·∫•t con laptop x·ªãn x·ªãn t·∫ßm 30-40tr m√† v·∫ßy th√¨ ph·∫£i ki·∫øm n∆°i kh√°c",0,"Th√¥i xong, ƒë·ªãnh qu·∫•t con laptop x·ªãn x·ªãn t·∫ßm 30-40tr m√† v·∫ßy th√¨ ph·∫£i ki·∫øm n∆°i kh√°c",negative
2025-05-30 12:42:09+00:00,1145328240973119,pfbid0DWHptqsthNjgrnQSvDNQGwQDK1BAWk6jYYf9N35nKHZGW6EUH4yqK6psQCbPB51Kl,"Gi·ªù b√°n c≈©ng ko ai mua ƒë√¢u, ra mua lap h·ªèi c·∫•u h√¨nh m√† nv to√†n ng√°o ng∆°",0,"Gi·ªù b√°n c≈©ng ko ai mua ƒë√¢u, ra mua lap h·ªèi c·∫•u h√¨nh m√† nv to√†n ng√°o ng∆°",negative
2025-05-30 12:40:04+00:00,1145328240973119,pfbid02bCwHgbwQZgKvTQouxyC8ueM7LEMz629RMvisfRPrLwAvpsNT2oUqbhim5enhCEzRl,"Content n√†y nh·∫•n m·∫°nh l√† Kh√¥ng B√°n, n√™n n·∫øu mua laptop tui s·∫Ω ki·∫øm ch·ªó kh√°c nha, l√†m content g√¨ ba ch·∫•m v·∫≠y??",9,"Content n√†y nh·∫•n m·∫°nh l√† Kh√¥ng B√°n, n√™n n·∫øu mua laptop tui s·∫Ω ki·∫øm ch·ªó kh√°c nha, l√†m content g√¨ ba ch·∫•m v·∫≠y??",negative
2025-05-30 12:39:08+00:00,1145328240973119,pfbid02LMGXvKSVtYXYKzSGs6zspYdt2m3iz3UYH2DNKwdxQF5u8dUvFcHwi6LT6mbeWnb6l,ƒë·ªãnh mua lap m·ªõi m√† v·∫ßy qua FPT CellPhoneS qu√°,3,ƒë·ªãnh mua lap m·ªõi m√† v·∫ßy qua FPT CellPhoneS qu√°,negative
2025-05-30 12:36:51+00:00,1145328240973119,pfbid0ZcKw6jBauBHftWXnt3UWd3ZkS3SaGxk1yLCSfTpVUY5DKioMcrFWv6JJPdXuqV54l,gi·∫£m 90% tui ·ªßng h·ªô cho c√°i,1,gi·∫£m 90% tui ·ªßng h·ªô cho c√°i,neutral
2025-05-30 12:35:45+00:00,1145328240973119,pfbid0XhG4nccnkECnuqPntMHMNSwn8zkxaMrwNNNU7E4HYgRaDsNiKSk2q1ayQcjiZkPwl,V·∫≠y qua ch·ªó kh√°c mua,1,V·∫≠y qua ch·ªó kh√°c mua,neutral
2025-05-30 12:35:25+00:00,1145328240973119,100003117138053,?,0,?,neutral
2025-06-01 03:01:53+00:00,1146504504188826,pfbid02L8pTiT3HtqywbXZKAaonLnuQfvhj1UdMWiKAXPuPZLdS66uxed6qNgedcvGJZ6Cml,"Thay t·ª´ ""h√†nh trang t∆∞∆°ng lai"" b·∫±ng t·ª´ "" m√°y t√≠nh x√°ch tay"" th√¨ ƒë·ª° b·ªã ch·ª≠i h∆°n kh√¥ng üòè",6,"Thay t·ª´ ""h√†nh trang t∆∞∆°ng lai"" b·∫±ng t·ª´ "" m√°y t√≠nh x√°ch tay"" th√¨ ƒë·ª° b·ªã ch·ª≠i h∆°n kh√¥ng ",negative
2025-06-01 05:42:42+00:00,1146504504188826,pfbid02U8JiuLVi4Fqjh2mJqUkDpES3WhpURThBauJn14yNCbUJU7PdFDpjcnrbfc7beFuWl,S·∫ønnnnnn,0,S·∫ønnnnnn,neutral
2025-06-01 06:40:33+00:00,1146504504188826,pfbid02ZvEgQk4Timnti52TRH4Lric2D2W5pJJNgQQ3dhKyj81yHRsoTXcuzKwck3tk3PSpl,"V√¥ c·ª≠a h√†ng n√≥i 
Mua laptop ‚ùå 
Mua c√°i h√†nh trang t∆∞∆°ng lai ‚úÖ",0,"V√¥ c·ª≠a h√†ng n√≥i 
Mua laptop  
Mua c√°i h√†nh trang t∆∞∆°ng lai ",neutral
2025-06-01 10:03:08+00:00,1146504504188826,pfbid0b6Abz2QSbb2JCAZgnEjsDj68LH8RcVktix7Zcdd5CAALnzSFmBg5KgmALapsYNZ2l,Hahaha x√†m,0,Hahaha x√†m,negative
2025-06-01 01:15:02+00:00,1146504504188826,pfbid02Tu6HapAyinmiyRhMxAAqtHc2ZZZJhbrNsy1AQMqo2sTB4nxyM4VrLteRsc9UiSSjl,l√¥ l√¥ Antoni Minh v√¥ mua h√†nh trang t∆∞∆°ng lai anh,0,l√¥ l√¥ Antoni Minh v√¥ mua h√†nh trang t∆∞∆°ng lai anh,neutral
2025-06-01 07:19:07+00:00,1146504504188826,pfbid05VvsD6kBGYKM1dFXZuocQDt1DSzwGMaywZLHNfjEZkvvHRp3LWFhRgdTxVCLRtzyl,TƒÉng l∆∞∆°ng th√°ng n√†y cho team MKT nha. R·ªìi th√°ng sau h·∫≥n ngh·ªâ,0,TƒÉng l∆∞∆°ng th√°ng n√†y cho team MKT nha. R·ªìi th√°ng sau h·∫≥n ngh·ªâ,negative
2025-06-01 14:13:48+00:00,1146504504188826,pfbid0vYJkMapLf2Ag2MfCtZAeATvEg3AUXZX49ojzSWncNp4oN5h94ii2Mx8oLz94kSxnl,"T√¥i ko mua h√†nh trang, th·ª© t√¥i c·∫ßn l√† laptop. V·∫≠y kh·ªèi qua TGDƒê lu√¥n nh·ªâ? ü§ß",0,"T√¥i ko mua h√†nh trang, th·ª© t√¥i c·∫ßn l√† laptop. V·∫≠y kh·ªèi qua TGDƒê lu√¥n nh·ªâ? ",negative
2025-06-01 02:36:15+00:00,1146504504188826,pfbid025H1KgXEQRL4mZhyK7kRwrbH9yyzDtLLNhJS4jbFwjiVdHCbTVpM2oyqAms1iWy4l,Content n√†y ph·∫£n dame nha- ch√™ √°,1,Content n√†y ph·∫£n dame nha- ch√™ √°,positive
2025-06-01 08:13:51+00:00,1146504504188826,100002208179106,T√≠nh d√¥ ch∆∞·ªüi c√°i content m√† th·∫•y m·ªçi ng∆∞·ªùi ch∆∞·ªüi qu√° n√™n th√¥i.. cmt ƒë·ªÉ ƒë√¢y h√≥ng..,0,T√≠nh d√¥ ch∆∞·ªüi c√°i content m√† th·∫•y m·ªçi ng∆∞·ªùi ch∆∞·ªüi qu√° n√™n th√¥i.. cmt ƒë·ªÉ ƒë√¢y h√≥ng..,neutral
2025-06-01 02:24:20+00:00,1146504504188826,pfbid037mXSYsQH6M9N4FQ1UE2VDnbyANQiBy1ZApigp41zkw642Pb9opXAkYo67sLaYxPKl,üòÜ t·∫∑ng 1 nƒÉm@@. Mua ch·ª´ng 2tr h∆°n b·∫£n quy·ªÅn vƒ©nh vi·ªÖn ·ªïn hk ta,2, t·∫∑ng 1 nƒÉm@@. Mua ch·ª´ng 2tr h∆°n b·∫£n quy·ªÅn vƒ©nh vi·ªÖn ·ªïn hk ta,neutral
2025-05-30 12:33:06+00:00,1145328240973119,pfbid0qMekvsfthEJ4NFTeS6qT9wp6AemeeVgVEj4bdarnqbadqepFFNmDvQGAPMTntsP1l,M√¨nh ƒë·ªãnh mua laptop m√† tgdd kh√¥ng b√°n nh·ªâ.,0,M√¨nh ƒë·ªãnh mua laptop m√† tgdd kh√¥ng b√°n nh·ªâ.,negative
2025-05-30 12:31:45+00:00,1145328240973119,pfbid021x4s9rAqrt7ZjTtwmTkXSh1RNg2DUkrZXr4xX43wVKtwaQtsUxWFbpWg2453oKYul,"ƒê·ªãnh mua m·ªôt c√°i x√†i m√† ko b√°n n·ªØa, l√†m ph·∫£i qua fpt shop mua lu√¥n",9,"ƒê·ªãnh mua m·ªôt c√°i x√†i m√† ko b√°n n·ªØa, l√†m ph·∫£i qua fpt shop mua lu√¥n",negative
2025-05-30 12:32:13+00:00,1145328240973119,pfbid027c2RiTe3knaBrrqZEgKjY5aysDKedn1Tsd87tkaf6eoLYDSxBiwfzbtdHkzCjs5ol,Th√¨ sang ch·ªó kh√°c mua üòå,0,Th√¨ sang ch·ªó kh√°c mua ,neutral
2025-05-30 12:28:10+00:00,1145328240973119,pfbid02tMQN4rv4TSBsAfHv7faJ8LmVD5xAUiJbeoKqa7hbomcxLWCH1nQXvPdVGzhkmdpnl,Th·∫ø th√¨ t√¥i sang MM mua Nh·∫≠t S∆°n :v,1,Th·∫ø th√¨ t√¥i sang MM mua Nh·∫≠t S∆°n :v,neutral
2025-05-30 12:27:43+00:00,1145328240973119,pfbid02myqUf2tird1AYp192mj2LZfFGptxmnULFdFJGtGa2fYRgHvRdtXEZSmNETs3w9tWl,ƒê·ªãnh mua  laptop b·ªÅn shop. M√† th·∫ßy th√¥ng b√°o n·∫£y qu√®n quy·∫øt ƒë·ªãnh ƒëi shop kh√°c mua,1,ƒê·ªãnh mua  laptop b·ªÅn shop. M√† th·∫ßy th√¥ng b√°o n·∫£y qu√®n quy·∫øt ƒë·ªãnh ƒëi shop kh√°c mua,negative
2025-05-30 12:24:49+00:00,1145328240973119,pfbid05jUJgELEPNonH1ypfZSs7CQEskJeQwGca8bNYT67Cppdmf82rcvqXNeqeReo5PPtl,Kh√¥ng b√°n....kg l·∫•y ti·ªÅn. M√† thu ti·ªÅn b·∫±ng h√¨nh th·ª©c kh√°c nh∆∞ cho thu√™ cho m∆∞·ª£n ah :)),0,Kh√¥ng b√°n....kg l·∫•y ti·ªÅn. M√† thu ti·ªÅn b·∫±ng h√¨nh th·ª©c kh√°c nh∆∞ cho thu√™ cho m∆∞·ª£n ah :)),negative
2025-05-30 12:23:06+00:00,1145328240973119,pfbid02gYz22jzUNCptAmUktS4RJu6T8ADTTWv2gLdatJEtFQ71tbWTX2Z2ghKMUk1bCo42l,Ch√∫ng t√¥i kh√¥ng b√°n laptop>>ch√∫ng t√¥i b√°n m√°y t√≠nh x√°ch tay üòé,1,Ch√∫ng t√¥i kh√¥ng b√°n laptop>>ch√∫ng t√¥i b√°n m√°y t√≠nh x√°ch tay ,negative
2025-05-30 12:20:09+00:00,1145328240973119,100089523909520,V·∫≠y k b√°n m√† t·∫∑ng n√†,0,V·∫≠y k b√°n m√† t·∫∑ng n√†,neutral
2025-05-30 12:19:59+00:00,1145328240973119,100023732603440,L√† thegioididong ko b√°n n·ªØa m√† m·ªü m·ªôt c√°i nh∆∞ topzone ƒë√∫ng h√¥n,1,L√† thegioididong ko b√°n n·ªØa m√† m·ªü m·ªôt c√°i nh∆∞ topzone ƒë√∫ng h√¥n,negative
2025-05-30 12:19:20+00:00,1145328240973119,pfbid0PJwwA8nNiahbBWo2gfjA5DSjdCRuh9fbFT1nDPG2berUeNXRSw6wY3H8KtKwVgZml,"ƒê·ªçc t·ªõi h·∫øt d√≤ng ƒë·ªè th·∫•y page ko c√≤n th·ª© m√¨nh c·∫ßn n·ªØa ngta unfollow r·ªìi, c∆° h·ªôi ƒë√¢u m√† ch·ªù t·ªõi 1/6 b√°n c√°i kh√°c :)))",9,"ƒê·ªçc t·ªõi h·∫øt d√≤ng ƒë·ªè th·∫•y page ko c√≤n th·ª© m√¨nh c·∫ßn n·ªØa ngta unfollow r·ªìi, c∆° h·ªôi ƒë√¢u m√† ch·ªù t·ªõi 1/6 b√°n c√°i kh√°c :)))",negative
2025-06-01 02:26:01+00:00,1146504504188826,pfbid02AMN1E9oEFG4WTRVFUyXRz21wc6t5dQBSYhuTzric8tgbE2AzFLNYU7xCGUFQCfeyl,Conten nh·∫°t d·ªØ d·∫≠y tr·ªùi ü§¨ t∆∞·ªüng l√† thegioilaptop.com Ôøº,2,Conten nh·∫°t d·ªØ d·∫≠y tr·ªùi  t∆∞·ªüng l√† thegioilaptop.com Ôøº,negative
2025-06-01 04:07:33+00:00,1146504504188826,pfbid0D5VxzqZ3xUpJXzKctN2uzpETMwDUt85GrnckfhxeCbjp4uE45oB4vXxABZCuSFvLl,VƒÉn v·ªü qu√°. T√¥i qua shop ƒë·ªè t√¥i mua,2,VƒÉn v·ªü qu√°. T√¥i qua shop ƒë·ªè t√¥i mua,negative
2025-06-01 09:25:03+00:00,1146504504188826,pfbid035xTxHuM5zzVgGhjFoEKq4icpkfFxnCfjvf8RFCxjVCKV17gnzMxq5PH4u7djeMgBl,Kh√¥ng l√†m content c√≥ khi ng∆∞·ªùi ta v·∫´n t·ªõi mua laptop nh∆∞ b√¨nh th∆∞·ªùng √° shop üòÇ,1,Kh√¥ng l√†m content c√≥ khi ng∆∞·ªùi ta v·∫´n t·ªõi mua laptop nh∆∞ b√¨nh th∆∞·ªùng √° shop ,negative
2025-06-01 03:31:08+00:00,1146504504188826,100001794783721,Ho√†ng Nh·∫•t m√¨nh b√°n c·∫£ h√†nh trang kkk,1,Ho√†ng Nh·∫•t m√¨nh b√°n c·∫£ h√†nh trang kkk,neutral
2025-06-01 02:55:18+00:00,1146504504188826,100001608103075,Ai l√†m marketing c·ªßa Tgdd v·∫≠y ! Qua fanpage c·ªßa Durex h·ªçc h·ªèi th√™m nha !,8,Ai l√†m marketing c·ªßa Tgdd v·∫≠y ! Qua fanpage c·ªßa Durex h·ªçc h·ªèi th√™m nha !,neutral
2025-06-01 08:17:21+00:00,1146504504188826,pfbid0eqGxzvpQCKSSUip3b42dpx5okcANNpaortfPLxbKL6caYjkDk87w2gGstur28ahul,GenZ l√†m content ü´†,0,GenZ l√†m content ,neutral
2025-06-01 06:19:14+00:00,1146504504188826,pfbid02LVnbn8JvJVRuuwJgdVnRrLM2Zj9a3SeMmdxHTNbcHq9a9V3EsnzYiqMxqSkLNv7xl,Tony Nguy·ªÖn v·ª´a x√†m v·ª´a nh·∫°t ü§ß,0,Tony Nguy·ªÖn v·ª´a x√†m v·ª´a nh·∫°t ,negative
2025-06-01 04:01:11+00:00,1146504504188826,pfbid0YiLrtFvrzcz9PmR6jjYz51Vxq2QwXJjH6gbYSaq5r5Q3iFCM8EcfwpmYAwtNCg6Ll,Kkkk x√†m v√£i ƒëo√°i,1,Kkkk x√†m v√£i ƒëo√°i,negative
2025-06-01 04:02:45+00:00,1146504504188826,pfbid026xTU2k1aPwpoesDAKLUo8AhuoBS5pu6pLZBD91vfFwnS5z9PFw5XJ4pofUpuzVPSl,L√™ Tu·∫•n v√£i c√°i c√≤n ten,3,L√™ Tu·∫•n v√£i c√°i c√≤n ten,negative
2025-06-01 01:22:49+00:00,1146504504188826,pfbid037skVNRRS1Zt1V2LwTMwxHAUcMzTfU7jPgUnyg8uz5aMYExrpJJuX3opq4CSsszTal,Ph·∫°m Lo b·ªìi ho√†n,1,Ph·∫°m Lo b·ªìi ho√†n,positive
2025-05-30 12:18:14+00:00,1145328240973119,pfbid02PYALSfr3TZeq5j8oCrRPDHuWmB8H62cYfDWhPd4CaiiH2uH4tzqeDWrhVmFu47Ggl,Oh. V·∫≠y t·ª´ ƒë√¢y m√¨nh s·∫Ω kh√¥ng mua laptop ·ªü tgdd n·ªØa,0,Oh. V·∫≠y t·ª´ ƒë√¢y m√¨nh s·∫Ω kh√¥ng mua laptop ·ªü tgdd n·ªØa,negative
2025-05-30 12:18:13+00:00,1145328240973119,100089901799890,Th·∫ø l√† sao,0,Th·∫ø l√† sao,neutral
2025-05-30 12:15:08+00:00,1145328240973119,100002845177110,Ch·ªâ nh√¨n m·ªói ch·ªØ KH√îNG B√ÅN LAPTOP th√¥i. M√©m x√≠u sang ch·ªó kh√°c h·ªèi mua r·ªìi ü§£ü§£ü§£,0,Ch·ªâ nh√¨n m·ªói ch·ªØ KH√îNG B√ÅN LAPTOP th√¥i. M√©m x√≠u sang ch·ªó kh√°c h·ªèi mua r·ªìi ,negative
2025-05-30 12:05:37+00:00,1145328240973119,pfbid0vctnS6WseSDPTViTFTUKX6CWtAHSTX3XmRETKaLR9QgthQ6cCx1F4xAuGyUbHMFxl,Ok. Qua fptttt celphonnn hoanghamobay mua thi·∫øu g√¨,0,Ok. Qua fptttt celphonnn hoanghamobay mua thi·∫øu g√¨,negative
2025-05-30 12:00:41+00:00,1145328240973119,100005422717533,"Ai b√†y content n√†y d·ªã, coi ch·ª´ng t√°c d·ª•ng ng∆∞·ª£c üòÇ",16,"Ai b√†y content n√†y d·ªã, coi ch·ª´ng t√°c d·ª•ng ng∆∞·ª£c ",negative
2025-05-30 11:58:40+00:00,1145328240973119,pfbid02NqXzc3SnGS88jhhrDhcsvEMnuDXTWmPtMAPrGxFnMfTApVndkiMNBesDVPG24HaUl,√îng n√†o l√†m content ng√°o ng∆° v·∫≠y,2,√îng n√†o l√†m content ng√°o ng∆° v·∫≠y,negative
2025-05-30 11:57:29+00:00,1145328240973119,pfbid0f2CPHCHs2z2fkYrbNUdW5vC2EVwE6n9KgKiD5bmMAUVXZnrqEN6qe2B98cnYFqckl,m·ªõi mua c√≥ 2 c√°i m√† ƒë√£ k b√°n n·ªØa l√† sao shop üòî,0,m·ªõi mua c√≥ 2 c√°i m√† ƒë√£ k b√°n n·ªØa l√† sao shop ,negative
2025-05-30 11:56:56+00:00,1145328240973119,pfbid07PuR8RQKyhqVC17cbZkvggQwojEQEMGesAowNs5kQ6KD7avY5sJdpwtVhb4Gi3J4l,Content n√†y th·ª±c t·∫≠p sinh l√†m ph·∫£i ko?,3,Content n√†y th·ª±c t·∫≠p sinh l√†m ph·∫£i ko?,negative
2025-05-30 11:56:57+00:00,1145328240973119,pfbid036quMbMpwG7qEBZ8FtUb1i7a8DHq2QJ83ocPU2TAqHCvj4yDMwQ3iXPJnN5A2mc4Tl,V·∫≠y kh√¥ng c√≤n b·∫£o h√†nh nh·ªØng d√≤ng laptop mua tr∆∞·ªõc ƒë√≥ n·ªØa h·∫£,3,V·∫≠y kh√¥ng c√≤n b·∫£o h√†nh nh·ªØng d√≤ng laptop mua tr∆∞·ªõc ƒë√≥ n·ªØa h·∫£,negative
2025-05-30 11:53:33+00:00,1145328240973119,pfbid02MuuueXsSSFnFMx2ZvurRSkowF34vjBmrPChCn91j7W2cxaTUghpSf91NTHZVWSfGl,·ªßa content n√†y c·ªßa 1.4 m√† schedule l·ªôn h·∫£ cha?,1,·ªßa content n√†y c·ªßa 1.4 m√† schedule l·ªôn h·∫£ cha?,negative
2025-06-01 10:15:10+00:00,1146504504188826,pfbid0LtWAsWCCqSVnTHpJLvmzZsn8TZUNPqz6N9UGM8gUoPe2PXRNCXe92iBRAfx7SUAyl,Ng√¥ Th·ªã √Ånh Duy√™n b nghƒ© sao,1,Ng√¥ Th·ªã √Ånh Duy√™n b nghƒ© sao,neutral
2025-06-01 03:29:40+00:00,1146504504188826,pfbid021z2t3VknaCr6Jjx2YXtTBuFSLwnYtdhvfcAKN4D8TuKTzUUmkqK2PSSajsuFWvVLl,Thu√™ content b√™n SPARK STARS Production ch·ª© content ki·ªÉu n√†y ch∆∞a x·ª©ng v·ªõi t·∫ßm c·ª° TGDD,1,Thu√™ content b√™n SPARK STARS Production ch·ª© content ki·ªÉu n√†y ch∆∞a x·ª©ng v·ªõi t·∫ßm c·ª° TGDD,negative
2025-06-01 08:46:48+00:00,1146504504188826,61556567021278,Cƒëkm l√†m t t∆∞·ªüng n√≥ c√≥ c√°i j hay ho. X∆∞a h b·ªçn tgdd b√°n m√°y k c√≥ win √† mn,0,Cƒëkm l√†m t t∆∞·ªüng n√≥ c√≥ c√°i j hay ho. X∆∞a h b·ªçn tgdd b√°n m√°y k c√≥ win √† mn,neutral
2025-06-01 03:51:44+00:00,1146504504188826,pfbid0X2GnZVpMA9wvUAyKEQDFcbM8Kk4Mx74xC1WnmyEnLmpVDkchFXUPsGm1HWqFbE8nl,.))),0,.))),neutral
2025-06-01 09:04:50+00:00,1146504504188826,pfbid02rZKugxHwZbW4A76GKRzQ8nLxAGpSAYeWL79AAHjUiZ8fcF6GF6LtAe2gB78TuzA9l,ƒê·ªìng Ph∆∞∆°ng Th·∫£o,0,ƒê·ªìng Ph∆∞∆°ng Th·∫£o,positive
2025-06-01 02:48:52+00:00,1146504504188826,pfbid02ADcH3mDELFBCdoeZx1rCfD1wkYstohWUhMjAQnaPHpP6HfquLEjqoxJrbWuyrcgAl,Hu·ª≥nh Kh√°nh Linh L√™ Th·ªã Ho√†i Ni,1,Hu·ª≥nh Kh√°nh Linh L√™ Th·ªã Ho√†i Ni,positive
2025-05-30 11:49:40+00:00,1145328240973119,pfbid025cvCEr9bFmtQJzYd7DpL3hqxc7B5qH55gArU1Dry8Qd3fz8e2Zpa6WqkASwuYDz8l,cha n√†o ch·∫°y chi·∫øn d·ªãch n√†y v·∫≠y ü§£,1,cha n√†o ch·∫°y chi·∫øn d·ªãch n√†y v·∫≠y ,neutral
2025-05-30 11:45:43+00:00,1145328240973119,pfbid02g9cW7NUhhD5QtoUMPLtkH1KrCEqLSw9VwG2jjv6gzNbMus1TjXabomKvhjQM7Uy2l,Th·∫ø m√πng 2 b√°n ko shop üòÇ,0,Th·∫ø m√πng 2 b√°n ko shop ,negative
2025-05-30 11:45:03+00:00,1145328240973119,100000143500502,T·ª´ 1/6 Kh√¥ng b√°n laptop m√† cho laptop... √Ω s·ªëp l√† v·∫≠y ƒë√∫ng ko. ü§£,1,T·ª´ 1/6 Kh√¥ng b√°n laptop m√† cho laptop... √Ω s·ªëp l√† v·∫≠y ƒë√∫ng ko. ,negative
2025-05-30 11:43:24+00:00,1145328240973119,pfbid033VwqjRRCUZt1LHPhGd5ZihHXzQ8H3Np84pfhsDTddxqDxUPaxhDbnobu7CP8aFKfl,"Ch·ªØ ""ko b√°n laptop"" l√†m ƒëi·ªÉm nh·∫•n r·ªìi.. d√¢n t√¨nh ko c√≥ ƒë·ªçc v·∫ø sau l√† content th·∫•t b·∫°i lu√¥n",6,"Ch·ªØ ""ko b√°n laptop"" l√†m ƒëi·ªÉm nh·∫•n r·ªìi.. d√¢n t√¨nh ko c√≥ ƒë·ªçc v·∫ø sau l√† content th·∫•t b·∫°i lu√¥n",negative
2025-05-30 11:40:42+00:00,1145328240973119,pfbid0F7ZFFA4XN7wi1q6XbkDETVcyC3jrAtiA72AERKM2PVAUbuVdK1FjZTn72hLRPofbl,"Kh√¥ng b√°n laptop 
Ch·∫Øc T·∫∂NG LAPTOP",1,"Kh√¥ng b√°n laptop 
Ch·∫Øc T·∫∂NG LAPTOP",negative
2025-05-30 11:40:06+00:00,1145328240973119,pfbid02Z6qeGnWGotrHd7h85MfwkLH1tWER7rNMxfjG2KNws9kdwciKZGS6wrc4mHWYxE7ul,K b√°n v ƒë·ªÉ mua ƒë·ªÉ kh√°c,0,K b√°n v ƒë·ªÉ mua ƒë·ªÉ kh√°c,negative
2025-05-30 11:38:25+00:00,1145328240973119,pfbid02uwuRJXBAnZHruGH5JTsqnAZCyS7kt4f812TUqwE7zf8fZXY7iSmxrwUceyuYkZPpl,"√ä m√† ch·∫Øc ch∆∞a, c√≤n s·ª≠a g√¨ n·ªØa kh√¥ng ƒë√≥ =)))",0,"√ä m√† ch·∫Øc ch∆∞a, c√≤n s·ª≠a g√¨ n·ªØa kh√¥ng ƒë√≥ =)))",neutral
2025-05-30 11:37:40+00:00,1145328240973119,pfbid02uxLkqLCGW1sKgeVeaNSomYMPXdEJYZZZ4mEf3C8uivGaKTMU6WgohbD66cPuhwJTl,V·∫≠y ƒëi mua ch·ªó kh√°c,2,V·∫≠y ƒëi mua ch·ªó kh√°c,negative
2025-05-30 11:35:07+00:00,1145328240973119,pfbid0YwtKndA1xFrBYrn9bKXRyXGvRW5CKp3aiUGEN3VPfsKJ2EXZigz7LkCCkEEV1pkGl,B√† th·ªÅ ƒëi tui m·ªõi tin nha b√† MWG,0,B√† th·ªÅ ƒëi tui m·ªõi tin nha b√† MWG,neutral
2025-06-01 05:57:24+00:00,1146504504188826,pfbid02TrMw1kJcWjdqdKEFZJZTMJCrUndEhNVzR2mDMPyoFZ8EEYoJk4vqECa5zmhq8We5l,Content ngu,1,Content ngu,negative
2025-06-02 01:25:36+00:00,1146504504188826,pfbid0U3ikJ3hLVndSLWu897K4BKDkFp41iHqkS4VtLYELkQ8JW3BKJpXFUvFHnLMDoSfHl,Hahaha,0,Hahaha,neutral
2025-05-30 11:34:35+00:00,1145328240973119,pfbid037SCHnzpAmgYjSFzkfgZNZmiXGxbjuUHoRVF7FQ8jTKrwzgUqCFNEfdZ9xiuPhFHFl,"L√†m m√†u m√† ch∆∞a ƒë·ªß wow =)) , k b√°n th√¨ qua ch·ªó kh√°c mua c≈©ng ƒëc",1,"L√†m m√†u m√† ch∆∞a ƒë·ªß wow =)) , k b√°n th√¨ qua ch·ªó kh√°c mua c≈©ng ƒëc",neutral
2025-05-30 11:33:41+00:00,1145328240973119,pfbid02wAnJk3zuJL7weBoQp8YBbGoaL53vRF43GiKgfCh3G4cDubPkvzAmYuUmsYUkP45hl,MWG m·ªü h·ªá th·ªëng thegioilaptop h·∫£ ? Kkk,0,MWG m·ªü h·ªá th·ªëng thegioilaptop h·∫£ ? Kkk,negative
2025-05-30 11:32:18+00:00,1145328240973119,pfbid02ogTFL3RDB5Jqji8WoTxBeKeUvnewCirJLcFdEXhi2wLQX5WoZgMPaMvXKjvufFL5l,Content g√¨ ƒëi v√†o l√≤ng ƒë·∫•t v·∫≠y tr :))),7,Content g√¨ ƒëi v√†o l√≤ng ƒë·∫•t v·∫≠y tr :))),neutral
2025-05-30 11:28:35+00:00,1145328240973119,pfbid0kUgt5m9qHdvAWq2t6jJGbutVQEYjPptHmnsZ3sw4b9FKyyMFXFduLjZhSzDRMpxCl,"haizz t√≠nh mua c√°i s√†i m√† k b√°n, s√°ng mai gh√© fpt mua üòå",26,"haizz t√≠nh mua c√°i s√†i m√† k b√°n, s√°ng mai gh√© fpt mua ",neutral
2025-05-30 11:28:20+00:00,1145328240973119,100000988432317,Cho free hong ƒë·ªÉ t·ªõi ƒë√≥ ra l·∫•y ü§£,0,Cho free hong ƒë·ªÉ t·ªõi ƒë√≥ ra l·∫•y ,neutral
2025-05-30 11:26:13+00:00,1145328240973119,100003216164166,Ai duy·ªát pha qu·∫£ng c√°o n√†y v·∫≠yü§£,2,Ai duy·ªát pha qu·∫£ng c√°o n√†y v·∫≠y,negative
2025-05-30 11:21:20+00:00,1145328240973119,pfbid028havWQtt4rHD661i98G5cCXNTpmwCqJJSCLLiaWLzsVsMpEfvYZ8S3ptuo246jzDl,·ª¶a g√¨ v·∫≠y b√†? M·ªõi ƒë·ªãnh th√°ng sau gh√© b√† mua laptop,0,·ª¶a g√¨ v·∫≠y b√†? M·ªõi ƒë·ªãnh th√°ng sau gh√© b√† mua laptop,neutral
2025-05-30 11:19:51+00:00,1145328240973119,pfbid02rmZK8RBbhbfKqoXtv86yeaHrBjHPCYRkLpzfzwx43iipGZhtpe7JcauCxXzPVJn3l,B·ªè h·∫£Ôøº,0,B·ªè h·∫£Ôøº,positive
2025-05-30 11:19:14+00:00,1145328240973119,pfbid02tvpdCss6YBJJvNWX4tpeLUsSLasDcER5SoeeZUj7kuediXei7XnTEsZCenjgDLJGl,"M·ªõi mua Dell xong, c√≤n b·∫£o h√†nh lu√¥n. Sau n√†y c√≥ g√¨ ph·∫£i ƒëem ra h√£ng √†?",1,"M·ªõi mua Dell xong, c√≤n b·∫£o h√†nh lu√¥n. Sau n√†y c√≥ g√¨ ph·∫£i ƒëem ra h√£ng √†?",negative
2025-05-30 11:16:57+00:00,1145328240973119,pfbid0rSzZXBn5JtcJeyyAWyemzFfbsN9mYZCE9kvztKiDQTBkAfMpYEGjhJwD3UmhckzWl,"TGDD kh√¥ng b√°n th√¨ kh√°ch h√†ng ch√∫ng t√¥i qua FPT,PHONG V≈® mua LAPTOP nh√©
Th√¢n ch√†o.",31,"TGDD kh√¥ng b√°n th√¨ kh√°ch h√†ng ch√∫ng t√¥i qua FPT,PHONG V≈® mua LAPTOP nh√©
Th√¢n ch√†o.",negative
2025-05-30 11:16:11+00:00,1145328240973119,pfbid026uQ7K4stQBVZAYS6h9BvjWS4aAxA1Q39BaaCSqfpEEBcvj6U4d5TwPnRzTAfS5RLl,B√°n ny k,0,B√°n ny k,neutral
2025-05-30 11:15:44+00:00,1145328240973119,pfbid02dLLtpP9dnLJdB1EJyZ5mJyLg2ufA4DvvyqGZPgZG9E5Ze5AgbwVWTzAPFguWToJnl,Chuy·ªÉn th√†nh Laptop AI t√Ω th√¥i,0,Chuy·ªÉn th√†nh Laptop AI t√Ω th√¥i,negative
2025-05-30 11:13:31+00:00,1145328240973119,pfbid0343ckkCHqhuemEVi7XGHJv78rZVYNdvUgDdCUAXgeqkQamQaC3Ld3GAxshpHmbQoAl,C√≥ b·∫•t ng·ªù g√¨ h·∫£ ad,0,C√≥ b·∫•t ng·ªù g√¨ h·∫£ ad,neutral
2025-05-30 11:13:19+00:00,1145328240973119,pfbid02k4YwaWpNrArjX4unEA9paEXvhC11YC2HuWXP5fgtE7Y6jWcoYK11fvkgvd6cRkbXl,Ho√†ng V≈© T∆∞·ªùng Uy√™n ·ªßa l√† sao,1,Ho√†ng V≈© T∆∞·ªùng Uy√™n ·ªßa l√† sao,neutral
2025-05-30 11:12:18+00:00,1145328240973119,100007247954586,B√°n pc‚Ä¶,0,B√°n pc‚Ä¶,neutral
2025-05-30 11:11:28+00:00,1145328240973119,pfbid026SKENohnAdx8uAAzCsUBJRQA5rCKV3fxbbPuyfei6Uhm8W4jaHbueAk5UAg9e751l,1/6 m√† t∆∞·ªüng 1/4,2,1/6 m√† t∆∞·ªüng 1/4,negative
2025-05-30 11:10:44+00:00,1145328240973119,100009597701802,th·∫ø th√¥i qua fpt mua..,12,th·∫ø th√¥i qua fpt mua..,neutral
2025-05-30 11:09:59+00:00,1145328240973119,100003823549364,H√†ng t·ªìn c√≥ thanh l√Ω 50% k nh·ªâ,0,H√†ng t·ªìn c√≥ thanh l√Ω 50% k nh·ªâ,neutral
2025-05-30 11:09:15+00:00,1145328240973119,100035759827884,ch·∫Øc s·ªë laptop 30-31 th√°ng 05 n√†y t·ªët l·∫Øm n√®,2,ch·∫Øc s·ªë laptop 30-31 th√°ng 05 n√†y t·ªët l·∫Øm n√®,positive
2025-05-30 11:08:43+00:00,1145328240973119,pfbid0LCrruwE1qNEkLFjbfUfBKqTMzYRnXRaSXRd3Amhjy1JYEa6xshYbKE3jVGsVkXQzl,T·∫∑ng y,0,T·∫∑ng y,positive
2025-05-30 11:05:04+00:00,1145328240973119,pfbid02t7rvbjL1LmGAoEvBm6Vttym6t6Z2fR6wfi8Cn2ezS2nXBqmCxxHux7f9i8NH2z2Rl,chuy·ªÉn sang b√°n pc,1,chuy·ªÉn sang b√°n pc,negative
2025-05-30 11:02:52+00:00,1145328240973119,pfbid0wtB2J5weahhLKPoNPAWJTZxkSD2pk3hH8VDBBNLYnSsUxeLHYveY2XT6NwCMuJnKl,Cho thu√™ h·∫£?,2,Cho thu√™ h·∫£?,negative
2025-05-30 11:01:41+00:00,1145328240973119,100036958914372,?,0,?,neutral
2025-05-30 10:59:37+00:00,1145328240973119,100005530152409,Tin chu·∫©n k ad,0,Tin chu·∫©n k ad,positive
2025-05-30 10:58:40+00:00,1145328240973119,pfbid02Hmm2rsD2x2CnCi9dQJpq11gxwSeGzMe6RfMaUE2yuDpmuqcutxWNRVYZy3Qrb4kdl,Ch·∫•m l·ªèi,5,Ch·∫•m l·ªèi,negative
2025-05-30 11:30:41+00:00,1145328240973119,pfbid0eST7za5WAmKymRdYuczicuwEiJvLhaUnZmxE4xEGhA3tAD4ZK5iprQrw7x3LDSK6l,Content n√†y √¢m ƒëi·ªÉm nhe. Ng∆∞·ªùi ta ƒë·ªçc l∆∞·ªõt qua t∆∞·ªüng thi·ªát l√† th·∫•t b·∫°i r·ªìi. Ai r·∫£nh m√† ch·ªù ƒë·∫øn 1/6 ƒë·ªÉ coi ƒëi·ªÅu b·∫•t ng·ªù ü§£ü§£ kh√°ch h√†ng th·∫•y kh√¥ng c√≥ l√† ƒëi li·ªÅn ch·ª© ·ªü ƒë√≥ m√† ch·ªù v·ªõi t√¨m hi·ªÉu th√™m,57,Content n√†y √¢m ƒëi·ªÉm nhe. Ng∆∞·ªùi ta ƒë·ªçc l∆∞·ªõt qua t∆∞·ªüng thi·ªát l√† th·∫•t b·∫°i r·ªìi. Ai r·∫£nh m√† ch·ªù ƒë·∫øn 1/6 ƒë·ªÉ coi ƒëi·ªÅu b·∫•t ng·ªù  kh√°ch h√†ng th·∫•y kh√¥ng c√≥ l√† ƒëi li·ªÅn ch·ª© ·ªü ƒë√≥ m√† ch·ªù v·ªõi t√¨m hi·ªÉu th√™m,negative
2025-05-31 16:21:48+00:00,1145328240973119,100064718224884,b√† n√≥i thi·ªát kh√¥ng b√† The üò≥,2,b√† n√≥i thi·ªát kh√¥ng b√† The ,neutral
2025-05-30 19:49:02+00:00,1145328240973119,100066682417975,"Laptop tr∆∞ng b√†y to√†n laptop c≈©, c·∫•u h√¨nh ko theo k·ªãp xu th·∫ø.",0,"Laptop tr∆∞ng b√†y to√†n laptop c≈©, c·∫•u h√¨nh ko theo k·ªãp xu th·∫ø.",negative
2025-05-31 02:37:11+00:00,1145328240973119,100005066528888,√ù l√† √°p d·ª•ng h·∫øt v√¥ tr·∫£ ch·∫≠m ch·ª© kh√¥ng b√°n th·∫≥ng üòÑ nh·∫±m th√™m t∆∞∆°ng t√°c th√™m b√°n ch√©o √† m√¨nh ngh·ªâ th·∫ø :)),0,√ù l√† √°p d·ª•ng h·∫øt v√¥ tr·∫£ ch·∫≠m ch·ª© kh√¥ng b√°n th·∫≥ng  nh·∫±m th√™m t∆∞∆°ng t√°c th√™m b√°n ch√©o √† m√¨nh ngh·ªâ th·∫ø :)),negative
2025-05-30 15:32:29+00:00,1145328240973119,100006396995051,Ch√∫ng t√¥i ch·ªâ b√°n macbook üôÑ,0,Ch√∫ng t√¥i ch·ªâ b√°n macbook ,negative
2025-06-02 00:32:50+00:00,1145328240973119,pfbid0PWxhGRoaqYsVcHCiHtzDe2ssUR2rREgjZXW6QgHATHB6qAv7U6ABjSAbyCZCJjVCl,T∆∞·ªüng h√†i nh∆∞ng th·ª±c ra content nh∆∞ qq,0,T∆∞·ªüng h√†i nh∆∞ng th·ª±c ra content nh∆∞ qq,negative
2025-05-30 18:04:33+00:00,1145328240973119,pfbid02Da7TpiPqkxL2NTCcFSX8p7csw5JWgRHwhfsU7MQdcUfMkAxQQGvFtyfkPjss7N5Vl,Ok . Tgdd ko b√°n Laptop. Ghi nh·ªõ lu√¥n :/,0,Ok . Tgdd ko b√°n Laptop. Ghi nh·ªõ lu√¥n :/,negative
2025-05-30 23:56:26+00:00,1145328240973119,pfbid0qkhGhdvLacoFGsUKzJCvaseVMkNmJv3nmcbUY3Us9mt8rozUFwpKDpjJLEQemFvrl,Tu be kh√¥ng t√¨nh y√™u üòÑ,0,Tu be kh√¥ng t√¨nh y√™u ,negative
2025-05-30 11:57:04+00:00,1145328240973119,100002927768172,R·ªìi ai m√† s·ªëng v·ªôi l√† ko ƒë·ªçc th√™m d√≤ng d∆∞·ªõi c√°i truy·ªÅn th√¥ng TGDD ko b√°n Laptop n·ªØa üòå,1,R·ªìi ai m√† s·ªëng v·ªôi l√† ko ƒë·ªçc th√™m d√≤ng d∆∞·ªõi c√°i truy·ªÅn th√¥ng TGDD ko b√°n Laptop n·ªØa ,negative
2025-05-30 15:23:16+00:00,1145328240973119,727748047,"V·∫≠y ng√†y cu·ªëi r·ªìi c√≥ sale off ko, ko th√¨ t sang c·ª≠a h√†ng ƒë·ªëi di·ªán mua üòéüòé",1,"V·∫≠y ng√†y cu·ªëi r·ªìi c√≥ sale off ko, ko th√¨ t sang c·ª≠a h√†ng ƒë·ªëi di·ªán mua ",neutral
2025-05-31 02:45:00+00:00,1145328240973119,100055632343955,ƒêi·ªán M√°y Xanh em v·∫´n b√°n nh√°,1,ƒêi·ªán M√°y Xanh em v·∫´n b√°n nh√°,neutral
2025-05-30 13:46:11+00:00,1145328240973119,pfbid02ZddtDwLicFzeoxQu1J3ytGsXqRJb7UpTX1z7U8cYX5NcrasxAVU6gjcQfvr84mz8l,"Ai thi·∫øt k·∫ø qu·∫£ banner x·ª©ng ƒë√°ng b·ªã ƒëu·ªïi vi·ªác‚ÄùGi√° tr·ªã V∆∞·ª£t Tr·ªôi‚Äùch·ªØ vi·∫øt hoa ch·ªØ ko th·∫ø kia,l√†m ƒÉn v·ªõ v·∫©n th·∫≠t.",15,"Ai thi·∫øt k·∫ø qu·∫£ banner x·ª©ng ƒë√°ng b·ªã ƒëu·ªïi vi·ªác‚ÄùGi√° tr·ªã V∆∞·ª£t Tr·ªôi‚Äùch·ªØ vi·∫øt hoa ch·ªØ ko th·∫ø kia,l√†m ƒÉn v·ªõ v·∫©n th·∫≠t.",negative
2025-05-31 12:44:40+00:00,1145328240973119,pfbid0KuiRFMNVvXke6JkPNe79x3Ru4vJMhCwQDwuRDDgNxCYoNvG7Ea4AWRpHwZveKvMCl,Ko b√°n laptop n·ªØa m√† mua c·ª•c s·∫°c t·∫∑ng laptop h·∫£,1,Ko b√°n laptop n·ªØa m√† mua c·ª•c s·∫°c t·∫∑ng laptop h·∫£,negative
2025-05-31 01:02:54+00:00,1145328240973119,100005902535872,Ch·∫Øc b√°n ch·∫≠m qu√° n√™n ngh·ªâ kho·∫ª n√®,0,Ch·∫Øc b√°n ch·∫≠m qu√° n√™n ngh·ªâ kho·∫ª n√®,negative
2025-05-31 10:07:55+00:00,1145328240973119,61575021927821,·∫¢o th·∫≠t ƒë·∫•y ƒëang ƒë·ªãnh book m√°y review laptop b√™n TGDD,0,·∫¢o th·∫≠t ƒë·∫•y ƒëang ƒë·ªãnh book m√°y review laptop b√™n TGDD,neutral
2025-05-30 12:06:23+00:00,1145328240973119,pfbid03L7tDdHonbkvvpMBnENn8PT1h4HNe6rzxgYDYvGnjMAAkyFyxqJVbh5CTFa1oQJLl,T mu·ªën bi·∫øt ƒë·ª©a l√†m content n√†y ƒë√£ b·ªã tr·ª´ l∆∞∆°ng ch∆∞a,1,T mu·ªën bi·∫øt ƒë·ª©a l√†m content n√†y ƒë√£ b·ªã tr·ª´ l∆∞∆°ng ch∆∞a,neutral
2025-05-31 02:03:31+00:00,1145328240973119,pfbid02boECT1HYEQhM2r6RdpbPKmiEGxW13r474TXtf5T1EytK3EPjydUaf7UsryndYCqql,T√¥i b·ªã x√≥a b√¨nh lu·∫≠n c√°c b√°c ·∫° :(,1,T√¥i b·ªã x√≥a b√¨nh lu·∫≠n c√°c b√°c ·∫° :(,neutral
2025-05-31 01:40:16+00:00,1145328240973119,pfbid0pFDb5JNrxVWQ8iQfe1rDMTbKpqNFbwqeyZhR7EiDkMNs549ys9J52v5Pp1hBFQ7Jl,Th·∫ø gi·ªõi Di ƒê·ªông ch∆°i v·∫≠y l·ªó s·∫≠p ti·ªám ko b√°n laptop m·ªët h∆∞ laptop isus gaming ko ƒë∆∞·ª£c g·∫∑p m·∫•y ch·ªã th·∫ø gi·ªõi Di ƒê·ªông xin ƒë·∫πp b·∫£o h√†nh cho latop,0,Th·∫ø gi·ªõi Di ƒê·ªông ch∆°i v·∫≠y l·ªó s·∫≠p ti·ªám ko b√°n laptop m·ªët h∆∞ laptop isus gaming ko ƒë∆∞·ª£c g·∫∑p m·∫•y ch·ªã th·∫ø gi·ªõi Di ƒê·ªông xin ƒë·∫πp b·∫£o h√†nh cho latop,negative
2025-05-30 10:57:58+00:00,1145328240973119,100000633351314,Chuy·ªÉn sang leasing?,0,Chuy·ªÉn sang leasing?,neutral
2025-05-31 08:55:47+00:00,1145328240973119,pfbid07oVbpCReWKbeA8xsUYTG6FEArefJSFaECgLeBtv4175qZ5j3wQ6sKJJRpAGnq5aGl,M√°y con h∆∞ nay ko b√°n th√¨ qua fpt mua v·∫≠y,1,M√°y con h∆∞ nay ko b√°n th√¨ qua fpt mua v·∫≠y,negative
2025-05-31 09:16:53+00:00,1145328240973119,100005429288082,"ƒê√¥i khi t√≠nh c√¢u view m√† l√†m l·ªë,h·ªç gh√©t.",0,"ƒê√¥i khi t√≠nh c√¢u view m√† l√†m l·ªë,h·ªç gh√©t.",negative
2025-05-31 09:04:12+00:00,1145328240973119,100009405918320,Ch·∫Øc chu·∫©n b·ªã b√°n pc cho phi√™n b·∫£n GTA VI.,0,Ch·∫Øc chu·∫©n b·ªã b√°n pc cho phi√™n b·∫£n GTA VI.,negative
2025-05-30 12:46:23+00:00,1145328240973119,100000285609939,ƒê·ªÉ qua fpt shop. Thanks ad th√¥ng tin nha,0,ƒê·ªÉ qua fpt shop. Thanks ad th√¥ng tin nha,positive
2025-05-30 12:06:20+00:00,1145328240973119,pfbid02eSLj99RZon3YTsbXeUczJ2SRzC9jhcFAynppJKf9kBoJH8z6EDwUp73SqLLHfTmvl,T∆∞·ªüng ch√∫ng t√¥i k b√°n laptop n·ªØa n√™n x·∫£ to√†n b·ªô laptop v·ªÅ gi√° g·ªëc th√¨ c√≤n qt√¢m. üòÇüòÇüòÇ,0,T∆∞·ªüng ch√∫ng t√¥i k b√°n laptop n·ªØa n√™n x·∫£ to√†n b·ªô laptop v·ªÅ gi√° g·ªëc th√¨ c√≤n qt√¢m. ,negative
2025-05-31 05:47:03+00:00,1145328240973119,100005286787323,Thegio phat cho su dung mien phi lun,0,Thegio phat cho su dung mien phi lun,neutral
2025-06-01 00:07:00+00:00,1145328240973119,pfbid0LCrruwE1qNEkLFjbfUfBKqTMzYRnXRaSXRd3Amhjy1JYEa6xshYbKE3jVGsVkXQzl,"r·ªìi nay 1/6 r·ªìi ƒë√≥, n√≥i g√¨ ƒëiüò∂",0,"r·ªìi nay 1/6 r·ªìi ƒë√≥, n√≥i g√¨ ƒëi",negative
2025-05-30 15:13:17+00:00,1145328240973119,pfbid02QpyEEGCZYyq3MNSiVdXQWbeX9rbKnTn6b4wCmbg7ok62vXooXyvabUQSngBnDiZVl,ƒê·ªôi content s·∫Øp b·ªã ƒëu·ªïi,17,ƒê·ªôi content s·∫Øp b·ªã ƒëu·ªïi,negative
2025-05-30 18:25:35+00:00,1145328240973119,pfbid02R9eNgvG2JdedTgcgYqXUhhKN58XrJx4heRZLdqBbw1KLWdMu91KcLCVd1Guehcexl,Th·∫≠t ra l√† mang ƒë·∫øn 1 c√°i gi√° v∆∞·ª£t tr·ªôi c√°c ƒë·∫°i l√≠ kh√°c,0,Th·∫≠t ra l√† mang ƒë·∫øn 1 c√°i gi√° v∆∞·ª£t tr·ªôi c√°c ƒë·∫°i l√≠ kh√°c,negative
2025-05-30 11:22:28+00:00,1145328240973119,100001643230272,Content qu√° tr·ªùi,0,Content qu√° tr·ªùi,negative
2025-05-30 14:03:16+00:00,1145328240973119,100001060498479,·ªêi √¥ng bu√¥n laptop m·ª´ng h·ª•t :)),0,·ªêi √¥ng bu√¥n laptop m·ª´ng h·ª•t :)),neutral
2025-05-31 02:56:16+00:00,1145328240973119,pfbid02feLwX4D6tensctHQcoJQUpZc73sjFNrxii6C9tFNz8aLrEx2XiiJfBeEM9Ykvj9ql,"d·ªói r·ªìi k mua n·ªØa, sang ThinkPro mua v·∫≠y ch·ªõ c√≥ g√¨ m√† p tbao",0,"d·ªói r·ªìi k mua n·ªØa, sang ThinkPro mua v·∫≠y ch·ªõ c√≥ g√¨ m√† p tbao",negative
2025-05-30 15:28:36+00:00,1145328240973119,pfbid02vvaryhtCcWBhbD6LdHHYErzbXme9GZvbrwpdXivCAdUZP7Bf5efWn3HzpuEGthRDl,M√¨nh cho kh√¥ng ·∫°???,0,M√¨nh cho kh√¥ng ·∫°???,neutral
2025-06-01 02:53:32+00:00,1145328240973119,pfbid02knvdYPJ2tpZSbdaEg4qqcHEKn2Jq3GjvJF4FtX3iSS3CanvXT9Xe9Bh1YFqywiKVl,Chi·∫øn l∆∞·ª£c g√¨ n·ªØa ƒë√¢y m·∫•y ba,0,Chi·∫øn l∆∞·ª£c g√¨ n·ªØa ƒë√¢y m·∫•y ba,negative
2025-05-30 17:11:35+00:00,1145328240973119,pfbid08MpVgxBqTvX8y9jCTeSVfvW7f9UaKYLuk3wKZTSpGHC7RM5MoiMZ8kqsj43ovxvxl,Chu·∫©n b·ªã ƒë·ªïi qua b√°n ƒë·∫ßm t·ª´ thi·ªán,2,Chu·∫©n b·ªã ƒë·ªïi qua b√°n ƒë·∫ßm t·ª´ thi·ªán,negative
2025-05-30 11:11:04+00:00,1145328240973119,100026174430861,T√≠nh ra mua m√† th·∫•y v·∫≠y th√¥i üò©,0,T√≠nh ra mua m√† th·∫•y v·∫≠y th√¥i ,neutral
2025-05-31 08:19:35+00:00,1145328240973119,pfbid037xZCDLdWrZ5HL3qgXmnUzXQ5XuAT7K9mgak6nHFQXM6E3EXvmBHJbK4JPxUf58JYl,ƒêang ch·ªù ƒë√≥n c√°i b·∫•t ng·ªù t·ªõi,0,ƒêang ch·ªù ƒë√≥n c√°i b·∫•t ng·ªù t·ªõi,negative
2025-05-31 15:05:45+00:00,1145328240973119,pfbid0YzHemr7xYESoPhfvrWvRVZKT6rSvsidhd3BvNkhAfEZb46T4VjiM2QmbUVsUMzUml,ƒêƒÉng tus ntn . G·∫∑p ƒë·ª©a ng∆° nh∆∞ em l√† e ƒëi ƒë·ªìn TGDd gi·ªù ko b√°n laptop th·∫≠t r ƒë·∫•y,2,ƒêƒÉng tus ntn . G·∫∑p ƒë·ª©a ng∆° nh∆∞ em l√† e ƒëi ƒë·ªìn TGDd gi·ªù ko b√°n laptop th·∫≠t r ƒë·∫•y,negative
2025-05-31 04:02:29+00:00,1145328240973119,pfbid02Qa7obwCK8hLDBg8Lopn8JzK1xnm8s3YWcZVdqYtKeX1cQJnAY9mNk8NAqSfGtjLrl,ƒê·ªëi th·ªß apply v√†o l√†m marketing cho TGDD √† :)),0,ƒê·ªëi th·ªß apply v√†o l√†m marketing cho TGDD √† :)),neutral
2025-05-30 10:57:56+00:00,1145328240973119,1773111870,Th√™m 1 d√≤ng m√† suy nghƒ© l√¢u th·∫ø kkk,2,Th√™m 1 d√≤ng m√† suy nghƒ© l√¢u th·∫ø kkk,negative
2025-05-30 17:02:16+00:00,1145328240973119,pfbid0h2izAgEVScK38R1o977SwaSQBSP2rVgHATEvJBMnLocqDfupybuGszSkhLWAwxdKl,B√°n m√°y b√†n ak,0,B√°n m√°y b√†n ak,neutral
2025-05-31 06:14:35+00:00,1145328240973119,61571935704067,"H√≥ng qu√° ƒëi
===
ƒêi·ªán M√°y Xanh Th·ªã Tr·∫•n Ph·ªë Ch√¢u - Th·ªã Tr·∫•n T√¢y S∆°n",0,"H√≥ng qu√° ƒëi
===
ƒêi·ªán M√°y Xanh Th·ªã Tr·∫•n Ph·ªë Ch√¢u - Th·ªã Tr·∫•n T√¢y S∆°n",negative
2025-05-31 14:44:09+00:00,1145328240973119,pfbid031kANxY1FEfqbJX7j6bujmS6GjwDrig3Kc5e3K4ofSZtWZvE1Uh15Q2eLVrYP6yKcl,Ch√∫ng t√¥i ch∆∞a c√≥ nhu c·∫ßu mua üòÜüòÜ,0,Ch√∫ng t√¥i ch∆∞a c√≥ nhu c·∫ßu mua ,negative
2025-05-30 15:11:42+00:00,1145328240973119,pfbid02DjHXyjnujwdAXvnuMMrsVkX4UzDonzUVN3h8tsUiLG6SBiNvkgQm1Di67yDXEuYYl,"Kh√¥ng b√°n n·ªØa th√¨ mua ch·ªó kh√°c , ƒë√¢y c≈©ng ko mua c·∫£ ƒëi·ªán tho·∫°i ·ªü ƒë√¢y n·ªØa",11,"Kh√¥ng b√°n n·ªØa th√¨ mua ch·ªó kh√°c , ƒë√¢y c≈©ng ko mua c·∫£ ƒëi·ªán tho·∫°i ·ªü ƒë√¢y n·ªØa",negative
2025-05-30 11:10:38+00:00,1145328240973119,pfbid04EsJ7WpxC1xdjMXc9x64DyL6hFTaavrtq9HxtjTXYCkgMTBNkXVBxM83s4dcVTAyl,"L√Ω do? Tr·∫£ l·ªùi mau,  kh√¥ng n√≥i tui s·∫Ω mua h√†ng cho kh√°ch kh√¥ng mua tgdd n·ªØa",0,"L√Ω do? Tr·∫£ l·ªùi mau,  kh√¥ng n√≥i tui s·∫Ω mua h√†ng cho kh√°ch kh√¥ng mua tgdd n·ªØa",negative
2025-05-30 12:06:23+00:00,1145328240973119,pfbid0pKaxPQZr6HJHJ9muCFwr2ZZeWcXhuJ1ET6nXhvaFj9Vf3heePemvn4wr44PhCCKEl,V qua FPT mua √† :)),0,V qua FPT mua √† :)),neutral
2025-05-30 11:29:06+00:00,1145328240973119,pfbid02tBgczpk7qPBXTHqaCb4BrwQMgUtrJdv3N1azB6dzX58dc6coDscTz853Gwpb3L6Fl,Ch√∫ng t√¥i b√°n m√†u m√®,1,Ch√∫ng t√¥i b√°n m√†u m√®,neutral
2025-05-30 10:55:15+00:00,1145328240973119,100006840797480,S·ª≠a nhanh z·ªã shop,1,S·ª≠a nhanh z·ªã shop,positive
2025-05-31 10:08:50+00:00,1145328240973119,pfbid0bzogViBp5AGk2wVZjxZkdkZYvjHJTL8NMbn7mP6HUkza2LMqZbVHnB1iHx814UcBl,Ch∆°i trend n√†y l√† m·∫•t nhi·ªÅu kh√°ch h√†ng kh√¥ng bi·∫øt ƒë√¢y l√† tr√≤ ƒë√πa nhaüòÜ c√°i √¥ng nghƒ© ra trend n√†y ƒëang rung ƒë√πi üòÜ,0,Ch∆°i trend n√†y l√† m·∫•t nhi·ªÅu kh√°ch h√†ng kh√¥ng bi·∫øt ƒë√¢y l√† tr√≤ ƒë√πa nha c√°i √¥ng nghƒ© ra trend n√†y ƒëang rung ƒë√πi ,negative
2025-05-31 07:09:36+00:00,1145328240973119,pfbid0VSY3a2CZVG7FcjCCWjNaRJvyVF3XiX9Dmj34mpxS9YJFwJK6SW2MTPohSxaHq8JMl,Kh√¥ng b√°n ch·∫Øc cho thu√™ qu√°,0,Kh√¥ng b√°n ch·∫Øc cho thu√™ qu√°,negative
2025-05-30 11:12:40+00:00,1145328240973119,pfbid02AMN1E9oEF9uLNMtpiDrvRYN82qKHykBSYRuMC6cF7WW3p3TFmeG8vFHrW58uYKMRl,T√≠nh 2-6 c√≥ l√∫a m√∫c con Macbook m√† ko b√°n üêßüòå,0,T√≠nh 2-6 c√≥ l√∫a m√∫c con Macbook m√† ko b√°n ,negative
2025-05-31 13:56:25+00:00,1145328240973119,100036962015387,V·ª• g√¨ ƒë√¢y.B√°n h√†ng d·ªüm b·ªã kh√°ch ch·ª≠i √†.üòÅ,0,V·ª• g√¨ ƒë√¢y.B√°n h√†ng d·ªüm b·ªã kh√°ch ch·ª≠i √†.,negative
2025-05-30 15:42:15+00:00,1145328240973119,pfbid02UMdVc4aDKQ8r2PykiVU8oATNr8snte3ELMtQ2VCedDbVE9Jb8TTTKNkJXnSyehBcl,"Thegioididong m√£i ƒë·ªânh. üòÉ B√°n gi√° t·ªët m√† t∆∞ v·∫•n, chƒÉm s√≥c kh√°ch h√†ng c√≥ t√¢m. C√°c √¥ng m√† ch√™ Thegioididong th√¨ ƒëi c√°c c·ª≠a h√†ng kh√°c, sau v·∫´n quay l·∫°i Thegioididong mua m√† th√¥i. T·ª´ ƒëi·ªán tho·∫°i, m√°y t√≠nh v√† r·∫•t nhi·ªÅu ƒë·ªì kh√°c t√¥i mua ·ªü ƒë√¢y, d√πng b·ªÅn v√† ch·∫•t l∆∞·ª£ng, gi·ªù t√¥i c√≤n l√† c·ªï ƒë√¥ng c·ªßa MWG n·ªØa. Hi v·ªçng l√† s·∫Ω c√≥ th√™m nhi·ªÅu doanh nghi·ªáp t·ªët v√† c√≥ t√¢m nh∆∞ MWG.",0,"Thegioididong m√£i ƒë·ªânh.  B√°n gi√° t·ªët m√† t∆∞ v·∫•n, chƒÉm s√≥c kh√°ch h√†ng c√≥ t√¢m. C√°c √¥ng m√† ch√™ Thegioididong th√¨ ƒëi c√°c c·ª≠a h√†ng kh√°c, sau v·∫´n quay l·∫°i Thegioididong mua m√† th√¥i. T·ª´ ƒëi·ªán tho·∫°i, m√°y t√≠nh v√† r·∫•t nhi·ªÅu ƒë·ªì kh√°c t√¥i mua ·ªü ƒë√¢y, d√πng b·ªÅn v√† ch·∫•t l∆∞·ª£ng, gi·ªù t√¥i c√≤n l√† c·ªï ƒë√¥ng c·ªßa MWG n·ªØa. Hi v·ªçng l√† s·∫Ω c√≥ th√™m nhi·ªÅu doanh nghi·ªáp t·ªët v√† c√≥ t√¢m nh∆∞ MWG.",positive
2025-05-30 11:46:59+00:00,1145328240973119,pfbid02pCp9kPEZG9tis4TCQHC5a4JPFKjzVwTLvpDoyf93avEh4yXijTwACGp8MJBSPfoWl,·ª¶a ad ai duy·ªát b√†i d·ªã,0,·ª¶a ad ai duy·ªát b√†i d·ªã,neutral
2025-05-30 11:06:18+00:00,1145328240973119,pfbid0212SnCLbW2kjLsQGAzchoXTBfwgFKQtK3hQUCacDwQXV3tX1pHEY9wMi77FbAjVLMl,"L·∫°i c√°i ki·ªÉu cho m∆∞·ª£n r·ªìi c·ªçc 1 kho·∫£n, ho·∫∑c c·ªçc 1 kho·∫£n c∆∞·ªõi ph√≠ r·ªìi thu t·ª´ng th√°ng. Nh∆∞ nhau thui.",1,"L·∫°i c√°i ki·ªÉu cho m∆∞·ª£n r·ªìi c·ªçc 1 kho·∫£n, ho·∫∑c c·ªçc 1 kho·∫£n c∆∞·ªõi ph√≠ r·ªìi thu t·ª´ng th√°ng. Nh∆∞ nhau thui.",negative
2025-05-30 11:19:53+00:00,1145328240973119,pfbid0axdYa3KzYNEgWvDss85ZB4kEJPRMpZWW7LdL3w4BbuuXme8zZyodjxUXS3ZKRvWql,Ai duy·ªát chi·∫øn d·ªãch qu·∫£ng c√°o n√†y v·∫≠y üòÇ,2,Ai duy·ªát chi·∫øn d·ªãch qu·∫£ng c√°o n√†y v·∫≠y ,neutral
2025-05-31 00:50:51+00:00,1145328240973119,100000319428314,Nh√£ Uy√™n ƒë·ªçc stt v√† cmt e :))),0,Nh√£ Uy√™n ƒë·ªçc stt v√† cmt e :))),neutral
2025-05-30 16:56:02+00:00,1145328240973119,100055632343955,Nta ƒë·ªçc l·∫°i t∆∞·ªüng kh√¥ng b√°n th·∫≠t th√¨ ƒë·∫πp,1,Nta ƒë·ªçc l·∫°i t∆∞·ªüng kh√¥ng b√°n th·∫≠t th√¨ ƒë·∫πp,negative
2025-05-31 16:03:08+00:00,1145328240973119,100019441174307,Ko b√°n n·ªØa th√¨ ƒë·ªÉ mai qua CellphoneS mua cho r·∫ª,3,Ko b√°n n·ªØa th√¨ ƒë·ªÉ mai qua CellphoneS mua cho r·∫ª,negative
2025-05-31 05:25:50+00:00,1145328240973119,100003626215183,Qu·∫£ conten n√†y m√† qua l·ªùi ƒë·ªìn c·ªßa m·∫•y th√≠m th√¨ tgdd l·∫°i m·∫•t √≠t kh√°ch,0,Qu·∫£ conten n√†y m√† qua l·ªùi ƒë·ªìn c·ªßa m·∫•y th√≠m th√¨ tgdd l·∫°i m·∫•t √≠t kh√°ch,negative
2025-05-30 10:58:36+00:00,1145328240973119,100013046592669,Nam Ph∆∞∆°ng nƒÉm thanh l·ªçc,1,Nam Ph∆∞∆°ng nƒÉm thanh l·ªçc,neutral
2025-05-31 10:12:50+00:00,1145328240973119,pfbid0RPjYYHX7VZs9Pqf3HMwitVdhgHc7DmauWbcL8eLSwqorQnVLPAXoLwwGwc529xdMl,"kh√¥ng b√°n laptop, ch·ªâ b√°n m√°y t√≠nh x√°ch tay thui h·ªè :)))))????",0,"kh√¥ng b√°n laptop, ch·ªâ b√°n m√°y t√≠nh x√°ch tay thui h·ªè :)))))????",negative
2025-05-31 06:28:06+00:00,1145328240973119,100064682647585,Kh√¥ng ·∫•y m√¨nh qua MobileCity mua ƒëi·ªán tho·∫°i ƒëi m·∫•y n√≠,20,Kh√¥ng ·∫•y m√¨nh qua MobileCity mua ƒëi·ªán tho·∫°i ƒëi m·∫•y n√≠,neutral
2025-05-30 14:15:22+00:00,1145328240973119,pfbid02vAFBZRThh7DsXM6QrJCMhz9dkwV9oT24xAeCELiL9GVTRFMHTqUpNFFfjm25dWwFl,T·ª´ 1/6 ch√∫ng t√¥i kh√¥ng b√°n laptop. CH√öNG T√îI B√ÅN TH·∫æ GI·ªöI DI ƒê·ªòNG üòå,7,T·ª´ 1/6 ch√∫ng t√¥i kh√¥ng b√°n laptop. CH√öNG T√îI B√ÅN TH·∫æ GI·ªöI DI ƒê·ªòNG ,negative
2025-05-30 14:24:46+00:00,1145328240973119,pfbid035DsczrzywLMZcD669umLSrYgTij4cx6tMFacoY1TCxZqyKfhbF5gUupH8iFM4tVbl,∆Ø·ªõc g√¨ TGDƒê n√≥i : Ch√∫ng t√¥i kh√¥ng b√°n : )) ch√∫ng t√¥i t·∫∑ng ü§£,4,∆Ø·ªõc g√¨ TGDƒê n√≥i : Ch√∫ng t√¥i kh√¥ng b√°n : )) ch√∫ng t√¥i t·∫∑ng ,neutral
2025-05-31 22:09:00+00:00,1145328240973119,pfbid034Kft1zEiB8HNhjGm9JYYmpzTgqauwCHYJCvBJoaBYE2JXKbUf81AjDabDtviGkUDl,ƒê√¢u,0,ƒê√¢u,neutral
2025-05-31 01:19:15+00:00,1145328240973119,pfbid02d5bn92G4TDVZ2GdwvD2rnwu6m72AybMdHEpmCSVLC6kAwUE9VrPE7uZ8gWi7Petnl,H√≥ng xem th·∫ø n√†o ?,0,H√≥ng xem th·∫ø n√†o ?,negative
2025-05-30 12:07:42+00:00,1145328240973119,pfbid0Lfj55ntaDSK2VD7d49UvDstfXQcaRTgmtvSMeCtpuhTMURaDs2KmEZsUfBuYF5Fel,t√≠nh mua con lap 50tr m√† th√¥i qua fpt mua üôÇ‚Äç‚ÜïÔ∏è,0,t√≠nh mua con lap 50tr m√† th√¥i qua fpt mua ,negative
2025-05-31 01:20:17+00:00,1145328240973119,pfbid0NG1UzHHEXYYrov8ELmZ47hhAX7Uwe86nikLaC3XYf4cFi56DkjatKC7NdnW8wubpl,Ok qua ch·ªó n√†o b√°n mua,0,Ok qua ch·ªó n√†o b√°n mua,positive
2025-05-31 02:33:06+00:00,1145328240973119,pfbid02wtcKnuhghrgtGEzrmMEAC45kBtVboGbzMXxVZ2Vm7HjUzCQK1C221m3i39qZQSKCl,ƒê·ª©a n√†o l√†m content zay b√¢y.,0,ƒê·ª©a n√†o l√†m content zay b√¢y.,neutral
2025-05-30 15:56:39+00:00,1145328240973119,pfbid02Rxw6suhY8MNvWGmSV3w8WePr9kq9otKmGdNx9VKw4SVU26nYxKKSNT8uYnFJ5gJSl,M√† ch·ªâ b√°n thi·∫øt b·ªã g·∫≠p th√¥i,0,M√† ch·ªâ b√°n thi·∫øt b·ªã g·∫≠p th√¥i,negative
2025-05-30 11:08:46+00:00,1145328240973119,61565839505488,T·∫∑ng free kk,0,T·∫∑ng free kk,neutral
2025-05-30 17:27:20+00:00,1145328240973119,pfbid0TPc7hKHzVc3E4y12KpmEFBNsGmvSwMu1oitjgfw3Gp47oMzeNnnMs5ShnfJFzKVMl,Ai ƒë∆∞a ra c√°i content n√†y x·ª©ng ƒë√°ng +100 ƒëi·ªÉm v√πng ü´†üêßü§£,0,Ai ƒë∆∞a ra c√°i content n√†y x·ª©ng ƒë√°ng +100 ƒëi·ªÉm v√πng ,neutral
2025-05-30 11:12:13+00:00,1145328240973119,pfbid07A2x5SurEbgbfErxZrQtwYAdbZicd1aCeAAMqTenNYrmNzN92c4gX3i1MoyGBYrzl,Em ƒëang ƒë·ªãnh ra mua m√† a b·∫£o kh√¥ng b√°n :),2,Em ƒëang ƒë·ªãnh ra mua m√† a b·∫£o kh√¥ng b√°n :),negative
2025-05-31 01:41:05+00:00,1145328240973119,pfbid07mRFYM5vsBmuibk5DTB7pKQtFMPNTCUgHwt6zBW9wG7vDC3YSmvKP6pBSh8Jgp3Bl,"ƒêang ƒë·ªãnh mang con qua mua cho c√°i laptop. M√† th√¥ng b√°o k b√°n th√¨ ƒë·ªÉ qua Fpt mua , v·ª´a r·∫ª, v·ª´a b·ªÅn, nh√¢n vi√™n d·ªÖ th∆∞∆°ng.",4,"ƒêang ƒë·ªãnh mang con qua mua cho c√°i laptop. M√† th√¥ng b√°o k b√°n th√¨ ƒë·ªÉ qua Fpt mua , v·ª´a r·∫ª, v·ª´a b·ªÅn, nh√¢n vi√™n d·ªÖ th∆∞∆°ng.",negative
2025-05-31 02:30:07+00:00,1145328240973119,pfbid0ksJ4KiPBTmbHTCy182NvqXUAg9RdRRzHXTGX3AAjbfB3cbZ2Dsq2npAHfmDDfLBzl,L√† sao m·∫£ng laptop ·∫ø h·ª≠,0,L√† sao m·∫£ng laptop ·∫ø h·ª≠,negative
2025-05-31 14:13:28+00:00,1145328240973119,100000773655143,"Haizz. Mai ƒëang ƒë·ªãnh qua tgdƒë ƒë·ªÉ mua laptop v·ªÅ d√πng. M√† ƒë·ªçc ƒë∆∞·ª£c c√°i tin n√†y,... ch√°n lu√¥n sang n∆°i kh√°c mua v·∫≠y üò¢",0,"Haizz. Mai ƒëang ƒë·ªãnh qua tgdƒë ƒë·ªÉ mua laptop v·ªÅ d√πng. M√† ƒë·ªçc ƒë∆∞·ª£c c√°i tin n√†y,... ch√°n lu√¥n sang n∆°i kh√°c mua v·∫≠y ",negative
2025-05-31 11:13:01+00:00,1145328240973119,pfbid02HLCrigEsYzd3QdnQnTqdmb5UExrtRMsRW5yBmBNEZw3Mboc1UCyR6AsBp8SUyDEPl,Content m·∫°nh v,0,Content m·∫°nh v,positive
2025-05-30 11:13:50+00:00,1145328240973119,100043001282537,Ch√∫ng t√¥i b√°n laptop AI ch·ª© g√¨,14,Ch√∫ng t√¥i b√°n laptop AI ch·ª© g√¨,negative
2025-05-30 17:57:27+00:00,1145328240973119,pfbid02XVDCKf9DQ4qGk2qyjLTSD7rUyFt3LD7M8UH2RL3iu2vrUiGGfRSNGYPWjht8Jrfl,d·ªã h√¥ng b√°n n·ªØa l√† cho h·∫£ ?,0,d·ªã h√¥ng b√°n n·ªØa l√† cho h·∫£ ?,negative
2025-05-31 01:12:26+00:00,1145328240973119,100003151770365,"Ng√¥ Quang ƒê·∫°t Nguyen Thi Uyen ƒë·ªçc c√°c comment. K hi·ªÉu ai duy·ªát c√°i content n√†y. 
Th·∫≠t s·ª± kh√≥ hi·ªÉu. Ai ng∆∞·ªùi ta ƒë·ªçc v·∫ø sau b√© t√≠ kia ƒë√¢u:) 
Page 4tr l∆∞·ª£t like.",2,"Ng√¥ Quang ƒê·∫°t Nguyen Thi Uyen ƒë·ªçc c√°c comment. K hi·ªÉu ai duy·ªát c√°i content n√†y. 
Th·∫≠t s·ª± kh√≥ hi·ªÉu. Ai ng∆∞·ªùi ta ƒë·ªçc v·∫ø sau b√© t√≠ kia ƒë√¢u:) 
Page 4tr l∆∞·ª£t like.",negative
2025-05-30 17:21:45+00:00,1145328240973119,100004286143878,Minh Th√†nh Nguy·ªÖn Tr·∫ßn Nh·ª±t Nh√¢n Minh Nh·ª±t Minh Minh Ph·∫°m Qu·ª≥nh Nh∆∞ ƒë·ªÉ m·∫•y ƒë·ª©a ƒë√¢y h√≥ng,4,Minh Th√†nh Nguy·ªÖn Tr·∫ßn Nh·ª±t Nh√¢n Minh Nh·ª±t Minh Minh Ph·∫°m Qu·ª≥nh Nh∆∞ ƒë·ªÉ m·∫•y ƒë·ª©a ƒë√¢y h√≥ng,neutral
2025-05-31 04:44:49+00:00,1145328240973119,100004034886825,B√¨nh T·ªëng ƒë·ª£i 1/6 mua g√¨ neg,0,B√¨nh T·ªëng ƒë·ª£i 1/6 mua g√¨ neg,neutral
2025-05-31 09:51:07+00:00,1145328240973119,pfbid02WDe1CW1KUMCNLeMHSUxoQmUBuDP1RBn1jGwPGooZrNbDj1gp4A8Hr4djxY9mJX8Cl,Nguy·ªÖn T√≠nh ƒë·ªçc cmt‚Ä¶ t√¥i c√≥ th·ªÉ c∆∞·ªùi ƒë·∫øn cu·ªëi ƒë·ªùi,1,Nguy·ªÖn T√≠nh ƒë·ªçc cmt‚Ä¶ t√¥i c√≥ th·ªÉ c∆∞·ªùi ƒë·∫øn cu·ªëi ƒë·ªùi,positive
2025-05-31 01:37:27+00:00,1145328240973119,pfbid02GjhEKQ6zMEPwgyhkupihSMVTSZUWbZhwPt3NrXVxvYBpKsYsYu3sWkSMtex8DQmTl,"√îng m√¥ l√†m content chi √°c nh∆°n, t·ª± nhi√™n ·∫ø ngang x∆∞∆°ng lun M·ªπ LoanTh·∫£o Khoa",2,"√îng m√¥ l√†m content chi √°c nh∆°n, t·ª± nhi√™n ·∫ø ngang x∆∞∆°ng lun M·ªπ LoanTh·∫£o Khoa",neutral
2025-05-30 11:56:04+00:00,1145328240973119,pfbid0iekhKwRLvwQQoypiRWiK1Hyvm6HNCKBgU6THCsLmxVQZXNbw63E9KApdQkxEpzMJl,ƒê√≥ b·ªØa k√™u mua macbook cho t m√† m√†y kh√¥ng ch·ªãu muaaaaa Huy Th·ªãnh,0,ƒê√≥ b·ªØa k√™u mua macbook cho t m√† m√†y kh√¥ng ch·ªãu muaaaaa Huy Th·ªãnh,negative
2025-05-30 11:04:36+00:00,1145328240973119,pfbid02QcjoMZfoaBSAtXhdjFTBsLLkXXQqe7HsK5sdgp6SHePZEE2YDgTrvR7sxZBN2rPDl,M√† s·∫Ω cho free,5,M√† s·∫Ω cho free,negative
2025-05-31 01:15:29+00:00,1145328240973119,pfbid0icngSHqQDky5hLBafnfcx7pJAcd9zPmKFtQqumWkzNoWDRtSpiEFpbYpdZwPy2fdl,Thi·∫øt ngh·ªâ √¥ng n√†o l√†m contents n√™n cho ngh·ªâ luoon ƒë∆∞·ª£c r·ªìi ü§£,0,Thi·∫øt ngh·ªâ √¥ng n√†o l√†m contents n√™n cho ngh·ªâ luoon ƒë∆∞·ª£c r·ªìi ,negative
2025-05-30 10:56:20+00:00,1145328240973119,pfbid0twUgyKHuYNbSAVkjGiPvK7tAPqyMkDefA1M2UoRcQqAYVYKRPyLE9UyR6usum3Ddl,M·∫•t 4 c·ª≠ bia √¥m r·ªìi ad ∆°i hic,0,M·∫•t 4 c·ª≠ bia √¥m r·ªìi ad ∆°i hic,negative
2025-05-30 15:34:22+00:00,1145328240973119,pfbid0XRKGu2RhCtec7ZuubkbkjunVnSciwhk4sAuyGykae4K2cGVeQj7MJM4u9ddrLMvhl,"H√†ng t·ªìn c√≥ t·∫∑ng k shop ∆°i
Anh Phuc b·∫°n em h·ªèi",0,"H√†ng t·ªìn c√≥ t·∫∑ng k shop ∆°i
Anh Phuc b·∫°n em h·ªèi",neutral
2025-05-31 04:35:32+00:00,1145328240973119,pfbid0Ms5JbinZa2sc3C3jztSivkJpmajeawgvbaBqT6qUDsaQDdk7SHRPe4wfkEPRXAbjl,Nguyen Hai n√≥ ko b√°n n·ªØa k√¨a,0,Nguyen Hai n√≥ ko b√°n n·ªØa k√¨a,negative
2025-05-31 14:32:39+00:00,1145328240973119,pfbid024VPgZFJpEUGWSUgV4waHvLeWkPejWyCz4mqthbxw59N9drhBHDtoAQADSZF3d7tgl,"Ko b√°n th√¨ m√¨nh sang fpt mua, ch·ªãu th·∫±ng marketing, ki·∫øm ƒëc t√Ω t∆∞∆°ng t√°c m·∫•t kh√°ch h√†ng",0,"Ko b√°n th√¨ m√¨nh sang fpt mua, ch·ªãu th·∫±ng marketing, ki·∫øm ƒëc t√Ω t∆∞∆°ng t√°c m·∫•t kh√°ch h√†ng",neutral
2025-05-30 15:46:22+00:00,1145328240973119,100004559342442,=))) vi·∫øt content ki·ªÉu g√¨ z·ªã tr,0,=))) vi·∫øt content ki·ªÉu g√¨ z·ªã tr,negative
2025-05-31 04:00:02+00:00,1145328240973119,pfbid0RUDFEbTsZP4RXteGfCdnEntVQs5J8rQYNifA1AuEMcPMgpZieJ48rZJVRPaf9A46l,ƒê√πa,0,ƒê√πa,neutral
2025-05-30 11:10:04+00:00,1145328240973119,pfbid0cHxB2mKXfUgQpsqRYH4XaDv5ga7LYt8YWAxHEzx1VnvYBsVPL2JAdpLbvRj5GHLml,H·∫øt √Ω t∆∞·ªüng r √† adü§£,0,H·∫øt √Ω t∆∞·ªüng r √† ad,positive
2025-05-30 10:57:34+00:00,1145328240973119,pfbid0mbZN2upru6DmMjLeTikiHGSVB8vg3cR2aeT5ft5hzqD9UqMWTNbb6QiwmcVUV6etl,"Sao z, ƒëang ngon m√†",0,"Sao z, ƒëang ngon m√†",neutral
2025-06-01 06:38:37+00:00,1145328240973119,pfbid0kUMsw9tWWCoiTux5BXtGfMV73xRhKAtEdJnx4egUQVmpr2GcWhdLtkDoYZB9FdwMl,"√Ä nay Tgdƒë kh√¥ng b√°n laptop n·ªØa, ae chuy·ªÉn qua FPT Shop (Fptshop.com.vn) Phong V≈© mua th√¥i",0,"√Ä nay Tgdƒë kh√¥ng b√°n laptop n·ªØa, ae chuy·ªÉn qua FPT Shop (Fptshop.com.vn) Phong V≈© mua th√¥i",negative
2025-05-30 14:12:26+00:00,1145328240973119,pfbid0aKVwrNMijXE8QsVfgLAPAPp7SHovkauHXXZoN62jRitvHWmZBe1J4DvHUo6pE6kzl,Nguy·ªÖn Ho√†i B·∫£oo,1,Nguy·ªÖn Ho√†i B·∫£oo,neutral
2025-05-30 10:57:45+00:00,1145328240973119,100007187374018,H∆∞ng N√¥,3,H∆∞ng N√¥,neutral
2025-05-30 11:31:10+00:00,1145328240973119,100003961987927,Louis de Voisard,0,Louis de Voisard,neutral
2025-05-31 00:59:39+00:00,1145328240973119,pfbid0YsxJ1Kz8XpUsHbpfaFhCgv9Xg6xfTvkr6gXoat5JABQ39D8ToRiKWfn9X1wdw39Fl,Vinh Nguy·ªÖn,0,Vinh Nguy·ªÖn,positive
2025-05-30 11:19:33+00:00,1145328240973119,pfbid0NKwVLLp27KGCALvnDuCkmEBrPPZGtSBmqNmhRyf1mb5mbwubSM6PAYdxrbvzjNKTl,Gia Tr·∫ßn,0,Gia Tr·∫ßn,neutral
2025-05-31 12:59:44+00:00,1145328240973119,pfbid027UpNT5pvUsSWJ7ssTD5aW1fvqJYEpjRb8BHwx3wwhR4vUzAkuMvTNLjTEqSpGjbsl,Nghƒ©a,0,Nghƒ©a,neutral
2025-05-31 04:47:42+00:00,1145328240973119,pfbid02pAjpumXwThoq3VXRV3GUhKNe9oS5jxZYLczgbzVayobAVBLSp45gNJkdesSFnT41l,üòÄüòÄ,0,,neutral
2025-05-30 12:27:48+00:00,1145328240973119,pfbid03yUB8wQjHtJEcBT64stRL7t8boAf5bts1uBbYE8z7nP8m3affpCSzpMwCVTy3UJTl,‚ù§Ô∏è,0,,neutral
2025-06-01 01:13:05+00:00,1145328240973119,pfbid02sTkKSEZmBNyKSjYeBFoD6zTvgMdperP7WKwYVyUqRC2z8B74Y8v4TuaDSLSpH46Rl,Nguy·ªÖn VƒÉn H·ªØu Ph√∫c,0,Nguy·ªÖn VƒÉn H·ªØu Ph√∫c,neutral
2025-05-30 12:24:00+00:00,1145328240973119,pfbid0B5JPhCWrAzefFas8dyPc7hip5vVyUvqsHtC7ianCWrC3zdzafgcY2vk2Xoz92bpMl,v·∫≠y qua FPTShop.com.vn mua √† =)),2,v·∫≠y qua FPTShop.com.vn mua √† =)),neutral
2025-05-31 11:02:58+00:00,1145328240973119,pfbid0QofH743Rqp6mprPcRWcUaXTtesE8aXDHNfwhEEsToU7NE3qNA4BMRqaCAFF5uqcDl,Thu Th·∫£o,0,Thu Th·∫£o,positive
2025-05-31 08:31:38+00:00,1145328240973119,pfbid0PrQBQW9U5zw1hcQXjUfBqegiNUoLYQ98wptJHFRCtAJQ8uSNaVL2BeyKswwFKcoGl,Pham Ngoc Anh,0,Pham Ngoc Anh,neutral
2025-05-31 01:36:32+00:00,1145328240973119,pfbid02vkRnNrhAGhH6uJ7AxEjoQ5uGF72Au8RSiuEQqVjmuR4sTZmVpYBWQqUHx8VViE65l,V≈© Linh Tran,0,V≈© Linh Tran,positive
2025-05-31 01:39:10+00:00,1145328240973119,pfbid0LMGcpmymACTERVCBPtV9NVS8yLMUyQ61ndZ9wvFv7jNsqkNTHv4gvKdVEwHXxxzFl,Ng·ªçc Ph·∫°m,1,Ng·ªçc Ph·∫°m,positive
2025-05-30 12:42:12+00:00,1145328240973119,pfbid02BEajmCmXeonadqLrSeGzerdkWsy7jHBKL95oRbMXcj4613HwYnZhy3er9UCUXyAtl,Trung L√™,0,Trung L√™,positive
2025-05-30 19:22:30+00:00,1145328240973119,pfbid02B4RgbbDb9uC7z5UweLdB1WYKbES6ch9WMXeeNJnyFCzxb4oUUPz6xnepB8u7vZqLl,Minh Thu·ª∑ =)),0,Minh Thu·ª∑ =)),neutral
2025-05-30 14:39:11+00:00,1145328240973119,pfbid02r9C46AVkPbc6wBicTGD1ZBQWz8dUpAP81L5zEUa1tJjyN42G4EbthPwHBXEMkPQUl,"Kh√¥ng b√°n th√¨ th√¥i, thi·∫øu g√¨ ch·ªó mua ü§®",2,"Kh√¥ng b√°n th√¨ th√¥i, thi·∫øu g√¨ ch·ªó mua ",negative
2025-05-30 12:25:48+00:00,1145328240973119,pfbid0ZrR4v7BcVnZyerN5RdYBWAt6wyuy3kWeqdShbS18mqWF5xf5bgoHEXoibo8NXq5kl,Tuy·∫øt Ng·ªçc l√† sao,0,Tuy·∫øt Ng·ªçc l√† sao,neutral
2025-05-31 05:15:23+00:00,1145328240973119,pfbid02rqvgSXNaqMPShKfHYgHrCzNeBq21XR3EHeZWMfHMUeW8JRZJkTnNUjKAWuQGZy59l,Nguy·ªÖn V∆∞∆°ng Kim ƒê√†o hahaaa,0,Nguy·ªÖn V∆∞∆°ng Kim ƒê√†o hahaaa,positive
